CODIGO;ARTICULO;GRUPO;PESO; VR. REPOSICION ;CODIGO ALTERNO ART;TIPO;ESTADO
3;BASCULA PARA 500 KG;MANTENIMIENTO;96; $ 542.808 ;1721001;MEC;ACTIVO
7;"ALLANADORA DE 36"" SIN ASPAS";MANTENIMIENTO;88; $ 2.968.826 ;1741001;MEC;ACTIVO
9;"ALLANADORA DE 46"" SIN ASPAS";MANTENIMIENTO;88; $ 2.968.826 ;1743001;MEC;ACTIVO
13;COMPRESOR IR 185 #1;MANTENIMIENTO;1500; $ 37.236.000 ;11076001;MEC;ACTIVO
14;CORTADORA DE ADOBE SIN DISCO;MANTENIMIENTO;80; $ 1.379.939 ;1781001;MEC;ACTIVO
18;DIFERENCIAL DE 2.0 TON;MANTENIMIENTO;16,2; $ 1.451.562 ;1795001;MEC;ACTIVO
19;DIFERENCIAL DE 3.0 TON;MANTENIMIENTO;16,2; $ 1.833.552 ;1796001;MEC;ACTIVO
24;EQUIPO DE SOLDADURA ELECTRICA 225 A;MANTENIMIENTO;0; $ 2.139.144 ;1807001;MEC;ACTIVO
25;EQUIPO DE SOLDADURA ELECTRICA 225 A;MANTENIMIENTO;0; $ 2.139.144 ;1807002;MEC;ACTIVO
28;HIDROLAVADORA ELECTRICA;MANTENIMIENTO;18; $ 833.000 ;1816001;MEC;ACTIVO
29;HOYADORA A GASOLINA;MANTENIMIENTO;0; $ -   ;1818001;MEC;ACTIVO
33;MOTOR ELECTRICO 3.0 HP 1700 RPM 220V-AC MONOFASICO;MANTENIMIENTO;0; $ 809.819 ;1840001;MEC;ACTIVO
34;MOTOR ELECTRICO 5.0 HP 1700 RPM 220V-AC MONOFASICO;MANTENIMIENTO;0; $ -   ;1841001;MEC;ACTIVO
36;PLANTA GENERADORA  KVA;MANTENIMIENTO;0; $ 2.975.000 ;1848001;MEC;ACTIVO
38;TORRE ILUMINACION TEREX RL 411-570     ;MANTENIMIENTO;798; $ 17.850.000 ;1849001;MEC;ACTIVO
39;TORRE ILUMINACION TEREX RL 410-3827   ;MANTENIMIENTO;798; $ 17.850.000 ;1849002;MEC;ACTIVO
40;REGLA VIBRATORIA DE 5 M;MANTENIMIENTO;0; $ 2.380.000 ;1855001;MEC;ACTIVO
41;SIERRA CIRCULAR;MANTENIMIENTO;0; $ -   ;1856001;MEC;ACTIVO
53;VIBRADOR ELECTRICO PARA CONCRETO 110V AC MONOFASICO;MANTENIMIENTO;20; $ 1.757.154 ;1902001;MEC;ACTIVO
54;VIBRADOR ELECTRICO PARA CONCRETO 110V AC MONOFASICO;MANTENIMIENTO;20; $ 1.757.154 ;1902012;MEC;ACTIVO
63;VIBRADOR ELECTRICO DE AGUJA PARA CONCRETO 110V AC MONOFASICO;MANTENIMIENTO;20; $ 1.813.179 ;1903001;MEC;ACTIVO
66;PLUMA GRUA DE 250 KG #01;MANTENIMIENTO;180; $ 1.604.358 ;1922001;MEC;ACTIVO
73;"BOMBA SUMERGIBLE DE 2"" MONFASICA  A 110 V AC SUB";MANTENIMIENTO;0; $ 3.872.544 ;SUB;MEC;ACTIVO
74;"BOMBA SUMERGIBLE DE 2"" MONFASICA  A 220 V AC";MANTENIMIENTO;34; $ 3.660.992 ;2747011;MEC;ACTIVO
75;"BOMBA SUMERGIBLE DE 2"" MONFASICA  A 220 V AC";MANTENIMIENTO;34; $ 3.660.992 ;2747007;MEC;ACTIVO
76;"BOMBA SUMERGIBLE DE 2"" MONFASICA  A 220 V AC";MANTENIMIENTO;34; $ 3.660.992 ;2747008;MEC;ACTIVO
77;"BOMBA SUMERGIBLE DE 2"" MONFASICA  A 220 V AC";MANTENIMIENTO;34; $ 3.660.992 ;2747014;MEC;ACTIVO
78;BOMBA SUMERGIBLE TRIFASICA;MANTENIMIENTO;34; $ 3.677.800 ;2749001;MEC;ACTIVO
82;"CIZALLA MANUAL DE PALANCA 5/8""";MANTENIMIENTO;0; $ -   ;2771001;MEC;ACTIVO
85;COMPRESOR DE PINTURA;MANTENIMIENTO;0; $ 1.785.000 ;2779001;MEC;ACTIVO
91;HIDROLAVADORA A GASOLINA;MANTENIMIENTO;18; $ 2.880.205 ;2817001;MEC;ACTIVO
92;MARTILLO DEMOLEDOR NEUMATICO 90 LBS;MANTENIMIENTO;0; $ 2.030.914 ;2826001;MEC;ACTIVO
93;MARTILLO DEMOLEDOR NEUMATICO 90 LBS;MANTENIMIENTO;0; $ 2.030.914 ;2826002;MEC;ACTIVO
97;CONCRETADORA DE 170 LT - 1 SACO;MANTENIMIENTO;1500; $ 3.723.600 ;2832001;MEC;ACTIVO
98;CONCRETADORA DE 255 LT - 1.1/2 SACO #01;MANTENIMIENTO;1500; $ 6.090.975 ;1;MEC;ACTIVO
106;MOTOR A GASOLINA 8.0 HP;MANTENIMIENTO;0; $ 1.354.791 ;2847002;MEC;ACTIVO
108;"PULIDORA MANUAL ELECTRICA 7"" 110V AC MONOFASICA";MANTENIMIENTO;34; $ 1.018.640 ;2850001;MEC;ACTIVO
110;VIBRADOR A GASOLINA PARA CONCRETO;MANTENIMIENTO;20; $ 2.326.319 ;2904001;MEC;ACTIVO
126;CORTADORA DE CERAMICA TS - 40;MANTENIMIENTO;0; $ 178.500 ;3786001;MEC;ACTIVO
142;EQUIPO DE OXICORTE;MANTENIMIENTO;0; $ 4.583.880 ;4811001;MEC;ACTIVO
151;"BOMBA SUPERFICIE GASOLINA DE 2""";MANTENIMIENTO;6; $ 1.375.164 ;5764001;MEC;ACTIVO
153;CORTADORA DE PISO SIN DISCO;MANTENIMIENTO;0; $ 3.685.185 ;5790001;MEC;ACTIVO
172;TACO HALADOR DE 3.20 M (2 TUERCAS+1 PASADOR);MANTENIMIENTO;15,2; $ 307.194 ;10201007;MET;ACTIVO
179;"MANGUERA BOTADORA FLEXIBLE DE 2"" ML + ABRAZADERA";MANTENIMIENTO;8; $ 12.259 ;10304005;MEC;ACTIVO
180;"MANGUERA BOTADORA FLEXIBLE DE 3"" ML + ABRAZADERA";MANTENIMIENTO;8; $ 12.262 ;10304006;MEC;ACTIVO
181;"MANGUERA DE SUCCION 2"" CON GRANADA 6.00 M";MANTENIMIENTO;7; $ 191.398 ;10304007;MEC;ACTIVO
182;"MANGUERA DE SUCCION 3"" CON GRANADA 6.00 M";MANTENIMIENTO;7; $ 366.520 ;10304008;MEC;ACTIVO
186;MANGUERA ADICIONAL PARA COMPRESOR;MANTENIMIENTO;0; $ 17.134 ;10703001;MEC;ACTIVO
193;"DISCO PUNTA DE DIAMANTE 14""";MANTENIMIENTO;0; $ -   ;10807001;MEC;ACTIVO
195;PRENSA N-2;MANTENIMIENTO;0; $ -   ;11021001;MEC;ACTIVO
196;PRENSA N-4;MANTENIMIENTO;0; $ -   ;11022001;MEC;ACTIVO
197;PRENSA N-6;MANTENIMIENTO;0; $ -   ;11023001;MEC;ACTIVO
198;MOTOR ELECTRICO 5.0 HP 1700 RPM 220V-AC MONOFASICO;MANTENIMIENTO;0; $ -   ;1841009;MEC;ACTIVO
202;MINICARGADOR;MANTENIMIENTO;0; $ 47.600.000 ;11055001;MEC;ACTIVO
203;MINICARGADOR;MANTENIMIENTO;0; $ 47.600.000 ;11055003;MEC;ACTIVO
208;COMPRESOR IR 185 #2;MANTENIMIENTO;1500; $ 37.236.000 ;11076002;MEC;ACTIVO
213;EXTENSION ELECTRICA ENCAUCHETADA 2 LINEAS 110V (m) CAL.#10;MANTENIMIENTO;0; $ 7.880 ;11102003;MEC;ACTIVO
214;EXTENSION ELECTRICA ENCAUCHETADA 3 LINEAS 220V (m) CAL.#10;MANTENIMIENTO;0; $ 7.880 ;11102004;MEC;ACTIVO
217;MANGUERA PARA HIDROLAVADORA;MANTENIMIENTO;0; $ 8.568 ;11603002;MEC;ACTIVO
230;LLAVE PARA PULIDORA;MANTENIMIENTO;0; $ -   ;12303001;MEC;ACTIVO
241;BALDE PARA PLUMA GRUA DE 250 KG;MANTENIMIENTO;21; $ 327.250 ;13202001;MEC;ACTIVO
243;CANASTILLA PARA PLUMA GRUA DE 250 KG;MANTENIMIENTO;0; $ 349.317 ;13202003;MEC;ACTIVO
245;BASE PARA PLUMA GRUA;MANTENIMIENTO;65; $ 1.411.835 ;13202005;MEC;ACTIVO
246;GANCHO GIRATORIO PARA PLUMA GRUA;MANTENIMIENTO;0; $ 415.310 ;13202006;MEC;ACTIVO
247;CABLE PLUMA GRUA (m);MANTENIMIENTO;0; $ 2.547 ;13202007;MEC;ACTIVO
283;CARRETILLA PARA TALADRO;MANTENIMIENTO;0; $ -   ;13405025;MEC;ACTIVO
295;PESA DE 50 KG;MANTENIMIENTO;50; $ -   ;13802001;MEC;ACTIVO
296;PESA DE 100 KG;MANTENIMIENTO;100; $ -   ;13802002;MEC;ACTIVO
297;PESA DE 200 KG;MANTENIMIENTO;200; $ -   ;13802003;MEC;ACTIVO
304;ANDAMIO COLGANTE DE 30 M (2 GRILLETES);MANTENIMIENTO;60; $ 800.126 ;20101001;MET;ACTIVO
305;ANDAMIO COLGANTE DE 50 M (2 GRILLETES);MANTENIMIENTO;51; $ 826.306 ;20101002;MET;ACTIVO
306;ANDAMIO COLGANTE DE 60 M (2 GRILLETES);MANTENIMIENTO;52; $ 839.396 ;20101003;MET;ACTIVO
308;ANDAMIO COLGANTE DE 100 M (2 GRILLETES);MANTENIMIENTO;56; $ 891.756 ;20101005;MET;ACTIVO
309;ANDAMIO COLGANTE DE 40 M (2 GRILLETES);MANTENIMIENTO;60; $ 813.216 ;20101006;MET;ACTIVO
310;ANDAMIO COLGANTE DE 70 M (2 GRILLETES);MANTENIMIENTO;53; $ 852.486 ;20101007;MET;ACTIVO
315;PESCANTE COLGANTE TRADICIONAL;MANTENIMIENTO;0; $ 374.688 ;20102003;MET;ACTIVO
319;BARANDA PARA ESCALERA DE ANDAMIO;MANTENIMIENTO;5; $ 171.628 ;20202001;MET;ACTIVO
326;ANDAMIO TIJERA DE 1.20 X 1.50 M MARCO;MANTENIMIENTO;15; $ 213.407 ;20203005;MET;ACTIVO
328;ANDAMIO TIJERA DE 1.50 X 1.50 M MARCO;MANTENIMIENTO;15; $ 231.938 ;20203007;MET;ACTIVO
329;ANDAMIO TIJERA DE 1.56 X 1.50 M MARCO;MANTENIMIENTO;15; $ 231.938 ;20203008;MET;ACTIVO
330;ANDAMIO ESTRUCTURAL DE 1.50 X 1.50 M;MANTENIMIENTO;15; $ 182.213 ;20204001;MET;ACTIVO
334;"RUEDA 6"" ANDAMIO TRADICIONAL";MANTENIMIENTO;3; $ 158.352 ;20208001;MET;ACTIVO
335;"RUEDA 8"" AMD TORNILLO NIVELADOR";MANTENIMIENTO;4,5; $ 382.680 ;20208002;MET;ACTIVO
336;"RUEDA 6"" AMD";MANTENIMIENTO;4,5; $ 209.387 ;20208003;MET;ACTIVO
337;"RUEDA 6"" TORNILLO NIVELADOR";MANTENIMIENTO;4,5; $ 219.082 ;20208004;MET;ACTIVO
339;TORNILLO NIVELADOR HORQUILLA;MANTENIMIENTO;4,7; $ 69.051 ;20209003;MET;ACTIVO
340;TORNILLO NIVELADOR HORQUILLA - ESCUALIZABLE;MANTENIMIENTO;5; $ 86.901 ;20209004;MET;ACTIVO
343;TORNILLO NIVELADOR CERCHA;MANTENIMIENTO;3,5; $ 68.799 ;20209026;MET;ACTIVO
345;ESCALERA 2.0 M ESCOTILLA;MANTENIMIENTO;15; $ 441.007 ;20210002;MET;ACTIVO
347;BASE DOBLE PARA ANDAMIO DE CARGA;MANTENIMIENTO;4,2; $ 72.849 ;20301001;MEC;ACTIVO
351;BASE COLLAR;MANTENIMIENTO;1,7; $ 45.046 ;20301005;MET;ACTIVO
356;DIAGONAL PARA ANDAMIO DE CARGA;MANTENIMIENTO;4; $ 65.464 ;20303001;MET;ACTIVO
358;HIBRIDO ANDAMIO DE CARGA;MANTENIMIENTO;22; $ 241.208 ;20303003;MET;ACTIVO
361;TELA DE CARGA 0.50 X 1.50 M;MANTENIMIENTO;7; $ 120.265 ;20304003;MET;ACTIVO
367;TELA DE CARGA 1.00 X 1.50 M;MANTENIMIENTO;9,1; $ 145.736 ;20304009;MET;ACTIVO
369;TELA DE CARGA 1.00 X 1.50 M TERMINAL SUPERIOR;MANTENIMIENTO;8,7; $ 135.412 ;20304011;MET;ACTIVO
370;TERMINAL PARA ANDAMIO DE CARGA;MANTENIMIENTO;2,5; $ 142.790 ;20305001;MET;ACTIVO
371;TORNILLO NIVELADOR BASE PLANA;MANTENIMIENTO;3,5; $ 59.531 ;20306001;MET;ACTIVO
372;TUBO CUADRADO 10 X 10 PTS 3.00 M;MANTENIMIENTO;26,88; $ 379.734 ;20307001;MET;ACTIVO
373;TUBO CUADRADO 10 X 10 PTS 6.00 M;MANTENIMIENTO;53,76; $ 756.302 ;20307002;MET;ACTIVO
377;CUADRO DE MADERA DE 100 X 100 X 2400 MM;MANTENIMIENTO;0; $ 17.724 ;20307006;MET;ACTIVO
380;PARAL PARA MALLA ATRAPA CAIDA;MANTENIMIENTO;18; $ 328.706 ;20307020;MET;ACTIVO
383;ABRAZADERA DALMINE EMPALME 48 MM;MANTENIMIENTO;1; $ 19.545 ;20401001;MET;ACTIVO
385;ABRAZADERA DALMINE ORIENTABLE 48 MM;MANTENIMIENTO;1,17; $ 30.112 ;20401003;MET;ACTIVO
387;ABRAZADERA DALMINE ORTOGONAL 48 MM;MANTENIMIENTO;1; $ 27.275 ;20401005;MET;ACTIVO
389;ABRAZADERA DALMINE ORTOGONAL 60 X 48 MM;MANTENIMIENTO;2; $ 37.008 ;20401007;MET;ACTIVO
400;TUBO DALMINE 42 MM X 6.00 M;MANTENIMIENTO;24; $ 293.269 ;20403010;MET;ACTIVO
401;TUBO DALMINE 48 MM X 1.00 M;MANTENIMIENTO;3,35; $ 52.786 ;20403011;MET;ACTIVO
402;TUBO DALMINE 48 MM X 1.50 M;MANTENIMIENTO;5,03; $ 76.834 ;20403012;MET;ACTIVO
403;TUBO DALMINE 48 MM X 2.00 M;MANTENIMIENTO;6,7; $ 100.883 ;20403013;MET;ACTIVO
405;TUBO DALMINE 48 MM X 3.00 M;MANTENIMIENTO;10,05; $ 148.979 ;20403015;MET;ACTIVO
407;TUBO DALMINE 48 MM X 4.00 M;MANTENIMIENTO;13,4; $ 197.076 ;20403017;MET;ACTIVO
410;TUBO DALMINE 48 MM X 6.00 M;MANTENIMIENTO;20,1; $ 293.269 ;20403020;MET;ACTIVO
411;TUBO EMBUJE RUEDA GIRATORIA;MANTENIMIENTO;0; $ 17.850 ;20403021;MET;ACTIVO
429;CRUCETA DE 2.50 M;MANTENIMIENTO;5; $ 86.460 ;20601004;MET;ACTIVO
431;MOTOR A GASOLINA 9.0 HP 3600 RPM 4T;MANTENIMIENTO;0; $ 1.354.791 ;21058004;MEC;ACTIVO
434;MOTOR DIESEL 6 - 6.7 HP;MANTENIMIENTO;0; $ 789.446 ;21036003;MEC;ACTIVO
441;PERA PARA MARTILLO;MANTENIMIENTO;0; $ -   ;21078010;MEC;ACTIVO
442;"CHAPETA TENSORA DE 3/8""";MANTENIMIENTO;0; $ 17.850 ;30101001;MET;ACTIVO
443;CUÑA LISA;MANTENIMIENTO;0,03; $ 6.000 ;30102001;MET;ACTIVO
444;CUÑA PERFORADA;MANTENIMIENTO;0,03; $ 6.000 ;30102002;MET;ACTIVO
445;GATO TENSOR DE 3/8;MANTENIMIENTO;0; $ -   ;30103001;MET;ACTIVO
449;"VARILLA 5/8""";MANTENIMIENTO;0; $ 45.220 ;30105001;MET;ACTIVO
459;FORMALETA CIRCULAR COLUMNA 0.40 X 2.40 M - TAPA;MANTENIMIENTO;0; $ 443.108 ;30201007;MET;ACTIVO
478;FORMALETA CIRCULAR COLUMNA 0.30 X 1.20 M - TAPA;MANTENIMIENTO;0; $ 443.108 ;30201026;MET;ACTIVO
480;FORMALETA CIRCULAR COLUMNA 0.40 X 3.00 M - TAPA;MANTENIMIENTO;0; $ 443.108 ;30201028;MET;ACTIVO
481;FORMALETA CIRCULAR COLUMNA 1.00 X 3.20 M - TAPA;MANTENIMIENTO;0; $ -   ;30201029;MET;ACTIVO
500;FORMALETA COLUMNA 0.30 X 2.40 M - TAPA;MANTENIMIENTO;0; $ 443.108 ;30302013;MET;ACTIVO
549;EXTRACTOR DE CORBATAS FORMALETA;MANTENIMIENTO;4,5; $ 253.550 ;30401004;MET;ACTIVO
550;PIN DOBLE PARA FORMALETA METALICA;MANTENIMIENTO;0,07; $ 4.000 ;30401005;MET;ACTIVO
551;PIN SENCILLO PARA FORMALETA METALICA;MANTENIMIENTO;0,07; $ 923 ;30401006;MET;ACTIVO
555;TENSOR PARA FORMALETA METALICA;MANTENIMIENTO;0,63; $ 15.023 ;30401010;MET;ACTIVO
556;UÑA PARA FORMALETA METALICA;MANTENIMIENTO;1; $ 28.560 ;30401011;MET;ACTIVO
557;TUBO PARA FORMALETA METÁLICA;MANTENIMIENTO;1; $ 38.554 ;30401012;MET;ACTIVO
558;HORIZONTAL 3.00 M;MANTENIMIENTO;9,7; $ 172.756 ;30401013;MET;ACTIVO
559;HORIZONTAL 1.40 M;MANTENIMIENTO;5; $ 92.549 ;30401014;MET;ACTIVO
560;PARAL 1.0 M SIN ESPIGO;MANTENIMIENTO;5; $ 80.724 ;30401015;MET;ACTIVO
561;PARAL 1.0 M CON ESPIGO;MANTENIMIENTO;5; $ 87.341 ;30401016;MET;ACTIVO
562;PARAL 2.0 M CON ESPIGO;MANTENIMIENTO;9,5; $ 160.912 ;30401017;MET;ACTIVO
563;PARAL 2.0 M SIN ESPIGO;MANTENIMIENTO;9; $ 149.939 ;30401018;MET;ACTIVO
572;HORIZONTAL 0.70 M;MANTENIMIENTO;4; $ 57.306 ;30401027;MET;ACTIVO
575;PARAL 1.5 M SIN ESPIGO;MANTENIMIENTO;7,2; $ 115.758 ;30401030;MET;ACTIVO
576;PARAL 1.5 M CON ESPIGO;MANTENIMIENTO;7,15; $ 123.498 ;30401031;MET;ACTIVO
585;PLATAFORMA 1.4 X 0.6 M;MANTENIMIENTO;24; $ 369.859 ;30401040;MET;ACTIVO
586;PLATAFORMA 0.25 X 0.6 M;MANTENIMIENTO;8,4; $ 89.292 ;30401041;MET;ACTIVO
587;ACOPLE PLATAFORMA 85 CM;MANTENIMIENTO;3,83; $ 61.153 ;30401042;MET;ACTIVO
588;PLATAFORMA 1.4 X 0.6 M ESCOTILLA;MANTENIMIENTO;20; $ 482.543 ;30401043;MET;ACTIVO
590;BARANDA PARA ESCALERA 1.40 M;MANTENIMIENTO;3; $ 160.713 ;30401045;MET;ACTIVO
592;PIVOTE PARA BARANDA ESCALERA AJUSTADO;MANTENIMIENTO;0; $ -   ;30401047;MET;ACTIVO
593;ACOPLE PARA BARANDA INTERNA;MANTENIMIENTO;0; $ 42.919 ;30401048;MET;ACTIVO
594;HERRAMIENTA PARA BARANDA ESCALERA;MANTENIMIENTO;0; $ 29.979 ;30401049;MET;ACTIVO
595;ESCALERA 1.4 X 0.6 M;MANTENIMIENTO;20; $ 764.232 ;30401050;MET;ACTIVO
597;DIAGONAL 3.0 M / 2 M ALTURA GALVANIZADA;MANTENIMIENTO;11,9; $ 250.452 ;30401052;MET;ACTIVO
598;DIAGONAL 1.4 M / 2 M ALTURA GALVANIZADA;MANTENIMIENTO;9,5; $ 196.210 ;30401053;MET;ACTIVO
601;ESCALERA VERTICAL 2.0 M;MANTENIMIENTO;16,5; $ 350.915 ;30401056;MET;ACTIVO
602;ESCALERA VERTICAL 2.8 M;MANTENIMIENTO;22,5; $ 479.005 ;30401057;MET;ACTIVO
603;PUERTA ABATIBLE 0.7 M;MANTENIMIENTO;5,2; $ 185.632 ;30401058;MET;ACTIVO
604;HORIZONTAL 1.40 M CON ESPIGO;MANTENIMIENTO;5,5; $ 126.796 ;30401059;MET;ACTIVO
605;MENSULA AMD 0.70 M;MANTENIMIENTO;9; $ 114.540 ;30401060;MET;ACTIVO
606;HORIZONTAL 1.40 M REFORZADA;MANTENIMIENTO;8,4; $ 247.323 ;30401061;MET;ACTIVO
607;HORIZONTAL 3.00 M REFORZADA;MANTENIMIENTO;19; $ 528.331 ;30401062;MET;ACTIVO
609;PASADOR PARA ANDAMIO MULTIDIRECCIONAL;MANTENIMIENTO;0; $ 4.674 ;30401064;MET;ACTIVO
611;PLATAFORMA 3.0 X 0.30 M;MANTENIMIENTO;17; $ 588.928 ;30401066;MET;ACTIVO
614;TORNILLO PARA PIVOTE;MANTENIMIENTO;0; $ 2.142 ;30401069;MET;ACTIVO
616;ALINEADOR METALICO DE 850 MM;MANTENIMIENTO;3,82; $ 53.763 ;30402002;MET;ACTIVO
617;ALINEADOR METALICO DE 1000 MM;MANTENIMIENTO;4,5; $ 62.940 ;30402003;MET;ACTIVO
619;ALINEADOR METALICO DE 1500 MM;MANTENIMIENTO;6,75; $ 93.531 ;30402005;MET;ACTIVO
620;ALINEADOR METALICO DE 2000 MM;MANTENIMIENTO;9; $ 124.121 ;30402006;MET;ACTIVO
623;ALINEADOR METALICO DE 2500 MM;MANTENIMIENTO;11,25; $ 154.712 ;30402009;MET;ACTIVO
624;ALINEADOR METALICO DE 3000 MM;MANTENIMIENTO;13,5; $ 185.303 ;30402010;MET;ACTIVO
625;ALINEADOR METALICO DE 3500 MM;MANTENIMIENTO;15,75; $ 215.894 ;30402011;MET;ACTIVO
628;ALINEADOR METALICO DE 4000 MM;MANTENIMIENTO;18; $ 246.484 ;30402014;MET;ACTIVO
630;ALINEADOR METALICO DE 5000 MM;MANTENIMIENTO;22,5; $ 307.666 ;30402016;MET;ACTIVO
633;ALINEADOR METALICO DE 6000 MM;MANTENIMIENTO;27; $ 368.847 ;30402019;MET;ACTIVO
642;ANGULO EXTERIOR DE 600 MM;MANTENIMIENTO;1,5; $ 30.231 ;30403001;MET;ACTIVO
643;ANGULO EXTERIOR DE 1200 MM;MANTENIMIENTO;3; $ 59.153 ;30403002;MET;ACTIVO
646;CHAPETA PARA FORMALETA METALICA;MANTENIMIENTO;0,14; $ 4.533 ;30405001;MET;ACTIVO
648;DUCTOLON M;MANTENIMIENTO;0; $ -   ;30406000;MET;ACTIVO
649;CORBATA PARA FORMALETA METALICA DE 500 MM;MANTENIMIENTO;0,32; $ 4.226 ;30406001;MET;ACTIVO
651;CORBATA PARA FORMALETA METALICA DE 100 MM;MANTENIMIENTO;0,14; $ 1.672 ;30406003;MET;ACTIVO
653;CORBATA PARA FORMALETA METALICA DE 150 MM;MANTENIMIENTO;0,1; $ 1.897 ;30406005;MET;ACTIVO
654;CORBATA PARA FORMALETA METALICA DE 200 MM;MANTENIMIENTO;0,15; $ 2.230 ;30406006;MET;ACTIVO
655;CORBATA PARA FORMALETA METALICA DE 250 MM;MANTENIMIENTO;0,17; $ 2.563 ;30406007;MET;ACTIVO
656;CORBATA PARA FORMALETA METALICA DE 300 MM;MANTENIMIENTO;0,19; $ 4.400 ;30406008;MET;ACTIVO
657;CORBATA PARA FORMALETA METALICA DE 400 MM;MANTENIMIENTO;0,26; $ 3.561 ;30406009;MET;ACTIVO
658;CORBATA PARA FORMALETA METALICA DE 600 MM;MANTENIMIENTO;0,39; $ 4.891 ;30406010;MET;ACTIVO
659;CORBATA PARA FORMALETA METALICA DE 700 MM;MANTENIMIENTO;0,47; $ 5.556 ;30406011;MET;ACTIVO
660;CORBATA PARA FORMALETA METALICA DE 350 MM;MANTENIMIENTO;0,23; $ 3.228 ;30406012;MET;ACTIVO
661;CORBATA PARA FORMALETA METALICA DE 450 MM;MANTENIMIENTO;0,3; $ 3.893 ;30406013;MET;ACTIVO
668;RINCONERA FORMALETA METALICA 100 X 100 X 600 MM;MANTENIMIENTO;4,5; $ 105.281 ;30407004;MET;ACTIVO
669;RINCONERA FORMALETA METALICA 100 X 100 X 1200 MM;MANTENIMIENTO;9; $ 187.837 ;30407005;MET;ACTIVO
670;RINCONERA FORMALETA METALICA 100 X 150 X 1200 MM;MANTENIMIENTO;9; $ 216.794 ;30407006;MET;ACTIVO
673;TAPA CERRAMIENTO 120 X 1200 MM;MANTENIMIENTO;0; $ 114.336 ;30408010;MET;ACTIVO
674;TAPA CERRAMIENTO 150 X 1200 MM;MANTENIMIENTO;0; $ 142.920 ;30408011;MET;ACTIVO
688;FORMALETA METALICA DE 100 X 1200 MM TAPA;MANTENIMIENTO;6,2; $ 169.475 ;30409014;MET;ACTIVO
697;FORMALETA METALICA DE 150 X 1200 MM TAPA;MANTENIMIENTO;7,6; $ 167.943 ;30409023;MET;ACTIVO
705;FORMALETA METALICA DE 200 X 600 MM TAPA;MANTENIMIENTO;0; $ 142.155 ;30409031;MET;ACTIVO
706;FORMALETA METALICA DE 200 X 1200 MM TAPA;MANTENIMIENTO;9,6; $ 196.816 ;30409032;MET;ACTIVO
713;FORMALETA METALICA DE 250 X 1200 MM TAPA;MANTENIMIENTO;12,2; $ 247.776 ;30409039;MET;ACTIVO
722;FORMALETA METALICA DE 300 X 1200 MM TAPA;MANTENIMIENTO;13,7; $ 269.863 ;30409048;MET;ACTIVO
731;FORMALETA METALICA DE 350 X 1200 MM TAPA;MANTENIMIENTO;17,5; $ 345.477 ;30409057;MET;ACTIVO
736;FORMALETA METALICA DE 400 X 1200 MM TAPA;MANTENIMIENTO;18,7; $ 345.414 ;30409062;MET;ACTIVO
742;FORMALETA METALICA DE 450 X 1200 MM TAPA;MANTENIMIENTO;19,7; $ 370.520 ;30409068;MET;ACTIVO
749;FORMALETA METALICA DE 500 X 1200 MM TAPA;MANTENIMIENTO;21; $ 392.402 ;30409075;MET;ACTIVO
755;FORMALETA METALICA DE 550 X 1200 MM TAPA;MANTENIMIENTO;0; $ 436.866 ;30409081;MET;ACTIVO
762;FORMALETA METALICA DE 600 X 1200 MM TAPA;MANTENIMIENTO;26; $ 474.690 ;30409088;MET;ACTIVO
763;AJUSTES PARA FORMALETA ANDESCOL DE 25 X 1200;MANTENIMIENTO;3; $ 112.821 ;30409089;MET;ACTIVO
764;AJUSTES PARA FORMALETA ANDESCOL DE 40 X 1200;MANTENIMIENTO;3,5; $ 112.821 ;30409090;MET;ACTIVO
765;AJUSTES PARA FORMALETA ANDESCOL DE 60 X 1200;MANTENIMIENTO;4; $ 112.821 ;30409091;MET;ACTIVO
766;AJUSTES PARA FORMALETA ANDESCOL DE 80 X 1200;MANTENIMIENTO;5; $ 112.821 ;30409092;MET;ACTIVO
776;"TORNILLO CON TUERCA Y ARANDELA 3/8"" X 1.1/4""";MANTENIMIENTO;0; $ 2.975 ;30501008;MET;ACTIVO
903;CILINDRO DE 1.20 M;MANTENIMIENTO;0; $ 1.377.446 ;30602001;MET;ACTIVO
905;CONO CONCENTRICO DE 1.20 M;MANTENIMIENTO;0; $ 2.380.000 ;30603001;MET;ACTIVO
909;CUELLO DE 1.20 M;MANTENIMIENTO;0; $ 380.009 ;30605001;MET;ACTIVO
911;FORMALETA PARA PISO BISEL 0.15 X 0.20 X 2.40 M;MANTENIMIENTO;0; $ 261.800 ;30606001;MET;ACTIVO
914;CILINDRO MUESTRA DE CONCRETO (DIAM. 15 CM , ALTURA 30 CM);MANTENIMIENTO;8,3; $ 170.597 ;30608001;MET;ACTIVO
915;CONO SLUMP;MANTENIMIENTO;5; $ 139.727 ;30608002;MET;ACTIVO
926;CORBATA PARA FORMALETA METALICA DE 100-120 MM;MANTENIMIENTO;0,06; $ 1.764 ;30806001;MET;ACTIVO
929;CANGURO APISONADOR DE 4 TIEMPOS;MANTENIMIENTO;80; $ 6.018.750 ;31019025;MEC;ACTIVO
933;ESCALERA MADERA DE 3 CUERPOS;MANTENIMIENTO;0; $ 237.000 ;40101003;MET;ACTIVO
946;ESCALERA EXTENSIBLE ALUMINIO 2 CUERPOS HASTA 6.2 M;MANTENIMIENTO;0; $ 1.230.000 ;40103003;MET;ACTIVO
952;LAMINA CUBRE BRECHA DE 1.20 X 2.40 M;MANTENIMIENTO;0; $ -   ;40105003;MET;ACTIVO
953;MOLINETE;MANTENIMIENTO;71; $ 877.982 ;40106001;MET;ACTIVO
954;MESA METALICA;MANTENIMIENTO;0; $ 1.190.000 ;40106002;MET;ACTIVO
957;ALMADANA 12 LBS;MANTENIMIENTO;0; $ 35.000 ;40107003;MEC;ACTIVO
976;POLEA DE 1 CANAL;MANTENIMIENTO;0; $ 136.850 ;40111001;MEC;ACTIVO
977;POLEA DE 2 CANALES;MANTENIMIENTO;0; $ 53.550 ;40111002;MEC;ACTIVO
981;BURRO METALICO;MANTENIMIENTO;0; $ -   ;40112003;MEC;ACTIVO
986;MARTILLO DE GOMA;MANTENIMIENTO;0; $ -   ;40112008;MEC;ACTIVO
992;PISTOLA PARA PINTURA;MANTENIMIENTO;0; $ -   ;40112014;MEC;ACTIVO
1005;UÑA PARA MARTILLO PAVING;MANTENIMIENTO;0; $ -   ;40112028;MET;ACTIVO
1008;CINCEL PUNTA;MANTENIMIENTO;0; $ 127.330 ;40113003;MEC;ACTIVO
1023;CONO REFLECTIVO;MANTENIMIENTO;0; $ -   ;40201001;MET;ACTIVO
1027;CARGADOR DE BATERIA;MANTENIMIENTO;0; $ -   ;40203002;MEC;ACTIVO
1029;CINTURON DE SEGURIDAD TIPO ARNES;MANTENIMIENTO;0; $ -   ;40204002;MEC;ACTIVO
1031;ESLINGA;MANTENIMIENTO;0; $ -   ;40204004;MEC;ACTIVO
1035;DIAGONAL CORTA DE 1.87 M;MANTENIMIENTO;3,5; $ 69.626 ;50101002;MET;ACTIVO
1036;DIAGONAL CORTA DE 1.91 M;MANTENIMIENTO;3,5; $ 69.626 ;50101003;MET;ACTIVO
1039;DIAGONAL 0.7 M / 2 M ALTURA GALVANIZADA;MANTENIMIENTO;7,8; $ 178.433 ;50101006;MET;ACTIVO
1040;DIAGONAL LARGA DE 3.24 M;MANTENIMIENTO;8; $ 110.946 ;50102001;MET;ACTIVO
1041;DIAGONAL LARGA DE 3.27 M;MANTENIMIENTO;8; $ 110.946 ;50102002;MET;ACTIVO
1048;CAN ABARCO DE 3.00 M;MANTENIMIENTO;15,54; $ 47.600 ;50202004;MET;ACTIVO
1051;CAN MADERA COMUN DE 2.00 M;MANTENIMIENTO;10,36; $ 21.420 ;50203001;MET;ACTIVO
1053;CAN MADERA COMUN DE 2.80 M;MANTENIMIENTO;14,5; $ 23.800 ;50203003;MET;ACTIVO
1054;CAN MADERA COMUN DE 3.00 M;MANTENIMIENTO;14,5; $ 35.200 ;50203004;MET;ACTIVO
1056;CARGUERA ABARCO DE 3.50 A 3.99 M;MANTENIMIENTO;14; $ 468.574 ;50204002;MET;ACTIVO
1057;CARGUERA ABARCO DE 4.00 A 4.49 M;MANTENIMIENTO;15,7; $ 527.146 ;50204003;MET;ACTIVO
1058;CARGUERA ABARCO DE 4.50 A 4.99 M;MANTENIMIENTO;17,5; $ 585.718 ;50204004;MET;ACTIVO
1061;CARGUERA ABARCO DE 6.00 A 6.49 M;MANTENIMIENTO;22,7; $ 761.433 ;50204007;MET;ACTIVO
1062;CARGUERA ABARCO DE 6.50 A 6.99 M;MANTENIMIENTO;26,2; $ 878.577 ;50204008;MET;ACTIVO
1063;CARGUERA ABARCO DE 7.00 A 7.49 M;MANTENIMIENTO;0; $ 878.577 ;50204009;MET;ACTIVO
1065;CARGUERA ABARCO DE 8.00 A 8.49 M;MANTENIMIENTO;0; $ 995.721 ;50204011;MET;ACTIVO
1069;CUADRO DE MADERA DE 100 X 100 X 2000 MM;MANTENIMIENTO;0; $ 17.724 ;50204015;MET;ACTIVO
1073;TABLERO DE MADERA 0.70 X 1.40 M;MANTENIMIENTO;22,5; $ 33.000 ;50205004;MET;ACTIVO
1079;TACO METALICO DE 1.50 M;MANTENIMIENTO;10,5; $ 156.309 ;50303001;MET;ACTIVO
1080;TACO METALICO DE 2.80 M;MANTENIMIENTO;13,1; $ 200.479 ;50303002;MET;ACTIVO
1081;TACO METALICO DE 3.20 M;MANTENIMIENTO;14,7; $ 242.667 ;50303003;MET;ACTIVO
1083;TACO METALICO DE 3.60 M;MANTENIMIENTO;16,8; $ 242.626 ;50303005;MET;ACTIVO
1084;TACO METALICO DE 4.20 M;MANTENIMIENTO;17,9; $ 263.865 ;50303006;MET;ACTIVO
1085;TACO METALICO DE 5.50 M;MANTENIMIENTO;22,5; $ 329.930 ;50303007;MET;ACTIVO
1099;VIGA METALICA DE 3.00 M;MANTENIMIENTO;23; $ 299.635 ;50402003;MET;ACTIVO
1100;VIGA METALICA DE 1.40 M;MANTENIMIENTO;10,73; $ 149.515 ;50402004;MET;ACTIVO
1169;GANCHO  COLGANTE TRADICIONAL;MANTENIMIENTO;0; $ 5.950 ;70101002;MET;ACTIVO
1170;"GRILLETE DE 3/8"" PARA ANDAMIO COLGANTE - no usar";MANTENIMIENTO;0; $ 3.820 ;70101003;MET;ACTIVO
1175;"CHAPOLA 1/2"" PARA ANDAMIO COMUN";MANTENIMIENTO;0; $ 1.785 ;70102002;MET;ACTIVO
1233;"ASPAS DE 36"" PARA ALLANADORA";MANTENIMIENTO;0; $ 297.500 ;70205001;MEC;ACTIVO
1234;"PLATO PARA ALLANADORA DE 36""";MANTENIMIENTO;0; $ 891.310 ;70205003;MEC;ACTIVO
1238;TALADRO ELECTRICO DE BANCO;MANTENIMIENTO;0; $ 4.608.327 ;81077001;MEC;ACTIVO
1250;GANCHO HORIZONTAL;MANTENIMIENTO;1; $ 17.374 ;99990034;MET;ACTIVO
1251;GANCHO HORIZONTAL COLGANTE TRADICIONAL (TORNILLO + CHAPOLA);MANTENIMIENTO;1; $ 19.845 ;99990035;MET;ACTIVO
1252;TORNILLO CARRIAGE CON CHAPOLA;MANTENIMIENTO;0; $ 2.975 ;99990036;MET;ACTIVO
1253;RODAPIE DE 1.47 MT;MANTENIMIENTO;0; $ 79.594 ;99990037;MET;ACTIVO
1258;PLATAFORMA 0.6 X 0.6 M;MANTENIMIENTO;12; $ 454.374 ;99990053;MET;ACTIVO
1262;"ALLANADORA DE 36"" SIN ASPAS";MANTENIMIENTO;88; $ 2.968.826 ;1741002;MEC;ACTIVO
1263;"BOMBA SUMERGIBLE DE 2"" MONFASICA  A 220 V AC";MANTENIMIENTO;34; $ 3.660.992 ;2747003;MEC;ACTIVO
1264;"BOMBA SUMERGIBLE DE 2"" MONFASICA  A 220 V AC";MANTENIMIENTO;34; $ 3.660.992 ;2747005;MEC;ACTIVO
1265;"BOMBA SUMERGIBLE DE 2"" MONFASICA  A 220 V AC";MANTENIMIENTO;34; $ 3.660.992 ;2747006;MEC;ACTIVO
1267;CANGURO APISONADOR DE 4 TIEMPOS;MANTENIMIENTO;80; $ 6.018.750 ;31019020;MEC;ACTIVO
1268;CANGURO APISONADOR DE 4 TIEMPOS;MANTENIMIENTO;80; $ 6.018.750 ;31019004;MEC;ACTIVO
1270;CANGURO APISONADOR DE 4 TIEMPOS;MANTENIMIENTO;80; $ 6.018.750 ;31019006;MEC;ACTIVO
1271;CANGURO APISONADOR DE 4 TIEMPOS;MANTENIMIENTO;80; $ 6.018.750 ;31019007;MEC;ACTIVO
1272;COMPRESOR DE PINTURA;MANTENIMIENTO;0; $ 1.785.000 ;2779002;MEC;ACTIVO
1273;COMPRESOR IR 185 #4;MANTENIMIENTO;1500; $ 37.236.000 ;4;MEC;ACTIVO
1279;CONCRETADORA DE 255 LT - 1.1/2 SACO #02;MANTENIMIENTO;1500; $ 6.090.975 ;2;MEC;ACTIVO
1280;CONCRETADORA DE 255 LT - 1.1/2 SACO #03;MANTENIMIENTO;1500; $ 6.090.975 ;3;MEC;ACTIVO
1282;CONCRETADORA DE 340 LT - 2 SACOS #02;MANTENIMIENTO;450; $ 6.090.975 ;2;MEC;ACTIVO
1284;CORTADORA DE ADOBE SIN DISCO;MANTENIMIENTO;80; $ 1.379.939 ;1781002;MEC;ACTIVO
1285;CORTADORA DE ADOBE SIN DISCO;MANTENIMIENTO;80; $ 1.379.939 ;1781003;MEC;ACTIVO
1286;CORTADORA DE ADOBE SIN DISCO;MANTENIMIENTO;80; $ 1.379.939 ;1781004;MEC;ACTIVO
1287;CORTADORA DE ADOBE SIN DISCO;MANTENIMIENTO;80; $ 1.379.939 ;1781005;MEC;ACTIVO
1288;CORTADORA DE ADOBE SIN DISCO;MANTENIMIENTO;80; $ 1.379.939 ;1781006;MEC;ACTIVO
1290;MARTILLO DEMOLEDOR NEUMATICO 90 LBS;MANTENIMIENTO;0; $ 2.030.914 ;21070001;MEC;ACTIVO
1291;MARTILLO DEMOLEDOR NEUMATICO 90 LBS;MANTENIMIENTO;0; $ 2.030.914 ;21077002;MEC;ACTIVO
1306;MOTOR A GASOLINA 6.5 HP 3600 RPM 4T;MANTENIMIENTO;80; $ 1.069.572 ;2844002;MEC;ACTIVO
1307;MOTOR A GASOLINA 6.5 HP 3600 RPM 4T;MANTENIMIENTO;80; $ 1.069.572 ;2844003;MEC;ACTIVO
1308;MOTOR A GASOLINA 6.5 HP 3600 RPM 4T;MANTENIMIENTO;80; $ 1.069.572 ;2844004;MEC;ACTIVO
1309;MOTOR A GASOLINA 6.5 HP 3600 RPM 4T;MANTENIMIENTO;80; $ 1.069.572 ;2844005;MEC;ACTIVO
1310;MOTOR A GASOLINA 6.5 HP 3600 RPM 4T;MANTENIMIENTO;80; $ 1.069.572 ;2844006;MEC;ACTIVO
1312;MOTOR ELECTRICO 3.0 HP 1700 RPM 220V-AC MONOFASICO;MANTENIMIENTO;0; $ 809.819 ;1840002;MEC;ACTIVO
1313;MOTOR ELECTRICO 3.0 HP 1700 RPM 220V-AC MONOFASICO;MANTENIMIENTO;0; $ 809.819 ;1840003;MEC;ACTIVO
1314;MOTOR ELECTRICO 3.0 HP 1700 RPM 220V-AC MONOFASICO;MANTENIMIENTO;0; $ 809.819 ;1840004;MEC;ACTIVO
1315;MOTOR ELECTRICO 3.0 HP 1700 RPM 220V-AC MONOFASICO;MANTENIMIENTO;0; $ 809.819 ;1840005;MEC;ACTIVO
1316;MOTOR ELECTRICO 3.0 HP 1700 RPM 220V-AC MONOFASICO;MANTENIMIENTO;0; $ 809.819 ;1840006;MEC;ACTIVO
1317;MOTOR ELECTRICO 3.0 HP 1700 RPM 220V-AC MONOFASICO;MANTENIMIENTO;0; $ 809.819 ;1840007;MEC;ACTIVO
1318;MOTOR ELECTRICO 3.0 HP 1700 RPM 220V-AC MONOFASICO;MANTENIMIENTO;0; $ 809.819 ;1840008;MEC;ACTIVO
1319;MOTOR ELECTRICO 3.0 HP 1700 RPM 220V-AC MONOFASICO;MANTENIMIENTO;0; $ 809.819 ;1840009;MEC;ACTIVO
1321;MOTOR ELECTRICO 3.0 HP 1700 RPM 220V-AC MONOFASICO;MANTENIMIENTO;0; $ 809.819 ;1840011;MEC;ACTIVO
1322;MOTOR ELECTRICO 3.0 HP 1700 RPM 220V-AC MONOFASICO;MANTENIMIENTO;0; $ 809.819 ;1840013;MEC;ACTIVO
1323;MOTOR ELECTRICO 3.0 HP 1700 RPM 220V-AC MONOFASICO;MANTENIMIENTO;0; $ 809.819 ;1840014;MEC;ACTIVO
1324;MOTOR ELECTRICO 3.0 HP 1700 RPM 220V-AC MONOFASICO;MANTENIMIENTO;0; $ 809.819 ;1840015;MEC;ACTIVO
1325;MOTOR ELECTRICO 3.0 HP 1700 RPM 220V-AC MONOFASICO;MANTENIMIENTO;0; $ 809.819 ;1840016;MEC;ACTIVO
1326;MOTOR ELECTRICO 3.0 HP 1700 RPM 220V-AC MONOFASICO;MANTENIMIENTO;0; $ 809.819 ;1840017;MEC;ACTIVO
1327;MOTOR ELECTRICO 5.0 HP 1700 RPM 220V-AC MONOFASICO;MANTENIMIENTO;0; $ -   ;1841002;MEC;ACTIVO
1328;MOTOR ELECTRICO 5.0 HP 1700 RPM 220V-AC MONOFASICO #03;MANTENIMIENTO;0; $ -   ;1841003;MEC;ACTIVO
1329;MOTOR ELECTRICO 5.0 HP 1700 RPM 220V-AC MONOFASICO;MANTENIMIENTO;0; $ -   ;1841004;MEC;ACTIVO
1330;MOTOR ELECTRICO 5.0 HP 1700 RPM 220V-AC MONOFASICO;MANTENIMIENTO;0; $ -   ;1841005;MEC;ACTIVO
1331;MOTOR ELECTRICO 5.0 HP 1700 RPM 220V-AC MONOFASICO;MANTENIMIENTO;0; $ -   ;1841006;MEC;ACTIVO
1342;PIVOTE (espigo) PARA PARAL HIBRIDO (TLLO Y TCA SEG);MANTENIMIENTO;0,6; $ 18.397 ;30101067;MET;ACTIVO
1343;PLUMA GRUA DE 250 KG #02;MANTENIMIENTO;180; $ 1.604.358 ;1922002;MEC;ACTIVO
1344;PLUMA GRUA DE 250 KG #02;MANTENIMIENTO;180; $ 1.604.358 ;1922002;MEC;ACTIVO
1345;PLUMA GRUA DE 250 KG #04;MANTENIMIENTO;180; $ 1.604.358 ;1922004;MEC;ACTIVO
1346;PLUMA GRUA DE 250 KG #05;MANTENIMIENTO;180; $ 1.604.358 ;1922005;MEC;ACTIVO
1347;PLUMA GRUA DE 250 KG #06;MANTENIMIENTO;180; $ 1.604.358 ;1922006;MEC;ACTIVO
1348;PLUMA GRUA DE 250 KG #07;MANTENIMIENTO;180; $ 1.604.358 ;1922007;MEC;ACTIVO
1349;"PULIDORA MANUAL ELECTRICA 4"" 110V AC MONOFASICA";MANTENIMIENTO;5,3; $ 612.967 ;2849002;MEC;ACTIVO
1350;"PULIDORA MANUAL ELECTRICA 7"" 110V AC MONOFASICA";MANTENIMIENTO;34; $ 1.018.640 ;2850002;MEC;ACTIVO
1352;VIBRADOR ELECTRICO DE AGUJA PARA CONCRETO 110V AC MONOFASICO;MANTENIMIENTO;20; $ 1.813.179 ;1903002;MEC;ACTIVO
1353;VIBRADOR ELECTRICO DE AGUJA PARA CONCRETO 110V AC MONOFASICO;MANTENIMIENTO;20; $ 1.813.179 ;1903003;MEC;ACTIVO
1354;VIBRADOR ELECTRICO PARA CONCRETO 110V AC MONOFASICO;MANTENIMIENTO;20; $ 1.757.154 ;1902002;MEC;ACTIVO
1355;VIBRADOR ELECTRICO PARA CONCRETO 110V AC MONOFASICO;MANTENIMIENTO;20; $ 1.757.154 ;1902003;MEC;ACTIVO
1356;VIBRADOR ELECTRICO PARA CONCRETO 110V AC MONOFASICO;MANTENIMIENTO;20; $ 1.757.154 ;1902004;MEC;ACTIVO
1357;VIBRADOR ELECTRICO PARA CONCRETO 110V AC MONOFASICO;MANTENIMIENTO;20; $ 1.757.154 ;1902007;MEC;ACTIVO
1358;VIBRADOR ELECTRICO PARA CONCRETO 110V AC MONOFASICO;MANTENIMIENTO;20; $ 1.757.154 ;1902008;MEC;ACTIVO
1359;VIBROCOMPACTADOR TIPO RANA;MANTENIMIENTO;0; $ -   ;2905003;MEC;ACTIVO
1360;VIBROCOMPACTADOR TIPO RANA;MANTENIMIENTO;0; $ -   ;2905004;MEC;ACTIVO
1361;VIBROCOMPACTADOR TIPO RANA;MANTENIMIENTO;0; $ -   ;2905005;MEC;ACTIVO
1362;VIBROCOMPACTADOR TIPO RANA;MANTENIMIENTO;0; $ -   ;2905006;MEC;ACTIVO
1363;VIBROCOMPACTADOR TIPO RANA;MANTENIMIENTO;0; $ -   ;2905007;MEC;ACTIVO
1364;VIBROCOMPACTADOR TIPO RANA;MANTENIMIENTO;0; $ -   ;2905009;MEC;ACTIVO
1365;VIBROCOMPACTADOR TIPO RANA;MANTENIMIENTO;0; $ -   ;2905010;MEC;ACTIVO
1371;"PULIDORA MANUAL ELECTRICA 9"" 110V AC MONOFASICA";MANTENIMIENTO;0; $ 1.145.970 ;2860001;MEC;ACTIVO
1372;"PULIDORA MANUAL ELECTRICA 9"" 110V AC MONOFASICA";MANTENIMIENTO;0; $ 1.145.970 ;2860002;MEC;ACTIVO
1374;HORIZONTAL 1.40 M PARA RETAQUE;MANTENIMIENTO;9; $ 190.089 ;30401070;MET;ACTIVO
1377;"ALLANADORA DE 36"" SIN ASPAS";MANTENIMIENTO;88; $ 2.968.826 ;1741003;MEC;ACTIVO
1382;BASCULA PARA 500 KG;MANTENIMIENTO;96; $ 542.808 ;1721002;MEC;ACTIVO
1383;BASCULA PARA 500 KG;MANTENIMIENTO;96; $ 542.808 ;1721003;MEC;ACTIVO
1384;BASCULA PARA 500 KG;MANTENIMIENTO;96; $ 542.808 ;1721004;MEC;ACTIVO
1389;"BOMBA SUMERGIBLE DE 2"" MONFASICA  A 220 V AC";MANTENIMIENTO;34; $ 3.660.992 ;2747002;MEC;ACTIVO
1390;"BOMBA SUMERGIBLE DE 2"" MONFASICA  A 220 V AC";MANTENIMIENTO;34; $ 3.660.992 ;2747004;MEC;ACTIVO
1391;"BOMBA SUMERGIBLE DE 2"" MONFASICA  A 220 V AC";MANTENIMIENTO;34; $ 3.660.992 ;2747009;MEC;ACTIVO
1392;"BOMBA SUMERGIBLE DE 2"" MONFASICA  A 220 V AC";MANTENIMIENTO;34; $ 3.660.992 ;2747010;MEC;ACTIVO
1396;CANGURO APISONADOR DE 4 TIEMPOS;MANTENIMIENTO;80; $ 6.018.750 ;31019028;MEC;ACTIVO
1397;CANGURO APISONADOR DE 4 TIEMPOS;MANTENIMIENTO;80; $ 6.018.750 ;31019011;MEC;ACTIVO
1398;CANGURO APISONADOR DE 4 TIEMPOS;MANTENIMIENTO;80; $ 6.018.750 ;31019012;MEC;ACTIVO
1399;CANGURO APISONADOR DE 4 TIEMPOS;MANTENIMIENTO;80; $ 6.018.750 ;31019013;MEC;ACTIVO
1400;CANGURO APISONADOR DE 4 TIEMPOS;MANTENIMIENTO;80; $ 6.018.750 ;31019014;MEC;ACTIVO
1402;CANGURO APISONADOR DE 4 TIEMPOS;MANTENIMIENTO;80; $ 6.018.750 ;31019016;MEC;ACTIVO
1403;CANGURO APISONADOR DE 4 TIEMPOS;MANTENIMIENTO;80; $ 6.018.750 ;31019017;MEC;ACTIVO
1404;CANGURO APISONADOR DE 4 TIEMPOS DIESEL;MANTENIMIENTO;80; $ 6.018.750 ;31019121;MEC;ACTIVO
1405;CANGURO APISONADOR DE 4 TIEMPOS DIESEL;MANTENIMIENTO;80; $ 6.018.750 ;31019122;MEC;ACTIVO
1414;CORTADORA DE PISO SIN DISCO;MANTENIMIENTO;0; $ 3.685.185 ;5790002;MEC;ACTIVO
1417;CUADRO DE MADERA DE 100 X 100 X 2500 MM;MANTENIMIENTO;0; $ 17.724 ;20307004;MET;ACTIVO
1434;GANCHO HORIZONTAL DOBLE  (TORNILLO + CHAPOLA);MANTENIMIENTO;1; $ 21.782 ;99990033;MET;ACTIVO
1437;HIDROLAVADORA ELECTRICA;MANTENIMIENTO;18; $ 833.000 ;1816002;MEC;ACTIVO
1445;HOYADORA A GASOLINA;MANTENIMIENTO;0; $ -   ;1818002;MEC;ACTIVO
1446;MELLIZA;MANTENIMIENTO;1,5; $ 38.054 ;30401071;MET;ACTIVO
1450;MOTOR A GASOLINA 6.5 HP 3600 RPM 4T;MANTENIMIENTO;80; $ 1.069.572 ;2844007;MEC;ACTIVO
1451;MOTOR A GASOLINA 6.5 HP 3600 RPM 4T;MANTENIMIENTO;80; $ 1.069.572 ;2844008;MEC;ACTIVO
1452;MOTOR A GASOLINA 6.5 HP 3600 RPM 4T;MANTENIMIENTO;80; $ 1.069.572 ;2844009;MEC;ACTIVO
1453;MOTOR A GASOLINA 6.5 HP 3600 RPM 4T;MANTENIMIENTO;80; $ 1.069.572 ;2844010;MEC;ACTIVO
1454;MOTOR A GASOLINA 6.5 HP 3600 RPM 4T;MANTENIMIENTO;80; $ 1.069.572 ;2844011;MEC;ACTIVO
1455;MOTOR A GASOLINA 6.5 HP 3600 RPM 4T;MANTENIMIENTO;80; $ 1.069.572 ;2844012;MEC;ACTIVO
1456;MOTOR A GASOLINA 6.5 HP 3600 RPM 4T;MANTENIMIENTO;80; $ 1.069.572 ;2844013;MEC;ACTIVO
1457;MOTOR A GASOLINA 6.5 HP 3600 RPM 4T;MANTENIMIENTO;80; $ 1.069.572 ;2844014;MEC;ACTIVO
1458;MOTOR A GASOLINA 9.0 HP 3600 RPM 4T;MANTENIMIENTO;0; $ 1.354.791 ;21058003;MEC;ACTIVO
1459;MOTOR DIESEL 9.5 H.P;MANTENIMIENTO;0; $ 865.844 ;21036201;MEC;ACTIVO
1477;PLUMA GRUA DE 250 KG #08;MANTENIMIENTO;180; $ 1.604.358 ;1922008;MEC;ACTIVO
1478;PULIDORA ESPECIAL PARA CONCRETO 110 AC;MANTENIMIENTO;0; $ 2.380.000 ;2848001;MEC;ACTIVO
1480;"PULIDORA MANUAL ELECTRICA 7"" 110V AC MONOFASICA";MANTENIMIENTO;34; $ 1.018.640 ;2850004;MEC;ACTIVO
1481;"PULIDORA MANUAL ELECTRICA 7"" 110V AC MONOFASICA";MANTENIMIENTO;34; $ 1.018.640 ;2850005;MEC;ACTIVO
1482;"PULIDORA MANUAL ELECTRICA 7"" 110V AC MONOFASICA";MANTENIMIENTO;34; $ 1.018.640 ;2850006;MEC;ACTIVO
1484;RODILLO COMPACTADOR;MANTENIMIENTO;0; $ 21.420.000 ;11056001;MEC;ACTIVO
1485;RODILLO COMPACTADOR;MANTENIMIENTO;0; $ 21.420.000 ;11056002;MEC;ACTIVO
1486;RODILLO COMPACTADOR;MANTENIMIENTO;0; $ 21.420.000 ;11056003;MEC;ACTIVO
1500;TIJERA ELECTRICA JLG 0200198843;MANTENIMIENTO;2300; $ 48.150.000 ;1849503;MEC;ACTIVO
1502;TORRE ILUMINACION TEREX RL 410-3826   ;MANTENIMIENTO;798; $ 17.850.000 ;1849003;MEC;ACTIVO
1503;TORRE ILUMINACION TEREX RL 412-1954   ;MANTENIMIENTO;798; $ 17.850.000 ;1849004;MEC;ACTIVO
1504;TRONZADORA DE DISCO;MANTENIMIENTO;0; $ -   ;11075001;MEC;ACTIVO
1507;VIBRADOR A GASOLINA PARA CONCRETO;MANTENIMIENTO;20; $ 2.326.319 ;2904002;MEC;ACTIVO
1508;VIBRADOR ELECTRICO DE AGUJA PARA CONCRETO 110V AC MONOFASICO;MANTENIMIENTO;20; $ 1.813.179 ;1903004;MEC;ACTIVO
1509;VIBRADOR ELECTRICO DE AGUJA PARA CONCRETO 110V AC MONOFASICO;MANTENIMIENTO;20; $ 1.813.179 ;1903005;MEC;ACTIVO
1510;VIBRADOR ELECTRICO PARA CONCRETO 110V AC MONOFASICO;MANTENIMIENTO;20; $ 1.757.154 ;1902005;MEC;ACTIVO
1511;VIBRADOR ELECTRICO PARA CONCRETO 110V AC MONOFASICO;MANTENIMIENTO;20; $ 1.757.154 ;1902006;MEC;ACTIVO
1512;VIBRADOR ELECTRICO PARA CONCRETO 110V AC MONOFASICO;MANTENIMIENTO;20; $ 1.757.154 ;1902009;MEC;ACTIVO
1513;VIBRADOR ELECTRICO PARA CONCRETO 110V AC MONOFASICO;MANTENIMIENTO;20; $ 1.757.154 ;1902010;MEC;ACTIVO
1514;VIBRADOR ELECTRICO PARA CONCRETO 110V AC MONOFASICO;MANTENIMIENTO;20; $ 1.757.154 ;1902011;MEC;ACTIVO
1524;VIBROCOMPACTADOR TIPO RANA;MANTENIMIENTO;0; $ -   ;2905002;MEC;ACTIVO
1526;"BOMBA SUPERFICIE DIESEL DE 3""";MANTENIMIENTO;9000; $ 107.000.000 ;5761002;MEC;ACTIVO
1531;PLANTA GENERADORA 7.5 KVA;MANTENIMIENTO;0; $ 2.975.000 ;1848001;MEC;ACTIVO
1532;MOTOR DIESEL 7.0 HP;MANTENIMIENTO;0; $ 789.446 ;21036103;MEC;ACTIVO
1533;MOTOR DIESEL 7.0 HP;MANTENIMIENTO;0; $ 789.446 ;21036102;MEC;ACTIVO
1534;MOTOR A GASOLINA 9.0 HP 3600 RPM 4T;MANTENIMIENTO;0; $ 1.354.791 ;21058001;MEC;ACTIVO
1545;BRAZO DIESEL JLG 600A  0300123634;MANTENIMIENTO;15000; $ 166.600.000 ;1849603;MEC;ACTIVO
1548;TIJERA ELECTRICA JLG 0200200536;MANTENIMIENTO;2300; $ 48.150.000 ;1849502;MEC;ACTIVO
1549;CONCRETADORA DE 255 LT - 1.1/2 SACO #05;MANTENIMIENTO;1500; $ 6.090.975 ;5;MEC;ACTIVO
1550;CONCRETADORA DE 255 LT - 1.1/2 SACO #07;MANTENIMIENTO;1500; $ 6.090.975 ;7;MEC;ACTIVO
1551;CONCRETADORA DE 255 LT - 1.1/2 SACO #08;MANTENIMIENTO;1500; $ 6.090.975 ;8;MEC;ACTIVO
1552;CONCRETADORA DE 255 LT - 1.1/2 SACO #09;MANTENIMIENTO;1500; $ 6.090.975 ;9;MEC;ACTIVO
1574;CUADRO DE MADERA DE 100 X 100 X 2250 MM;MANTENIMIENTO;0; $ 17.724 ;50206001;MET;ACTIVO
1575;UNION PARA BARANDA  ANCHO 85 CM ARMADO ESCALERA DE 1.40 M A 3.0 M ;MANTENIMIENTO;1,2; $ 23.772 ;99990056;MET;ACTIVO
1576;"RUEDA 10"" AMD ";MANTENIMIENTO;4,5; $ 424.296 ;99990061;MET;ACTIVO
1577;"RUEDA 8"" AMD ";MANTENIMIENTO;4,5; $ 385.724 ;99990065;MET;ACTIVO
1580;TIJERA ELECTRICA JLG 0200198858;MANTENIMIENTO;2300; $ 48.150.000 ;1849501;MEC;ACTIVO
1581;CONVERTIDOR RETACADOR EN HIBRIDO;MANTENIMIENTO;5; $ 75.200 ;30401072;MET;ACTIVO
1582;GUADAÑADORA DE 2 TIEMPOS;MANTENIMIENTO;0; $ -   ;2005001;MEC;ACTIVO
1584;CANGURO APISONADOR DE 4 TIEMPOS;MANTENIMIENTO;80; $ 6.018.750 ;31019024;MEC;ACTIVO
1585;PISTOLA PARA HIDROLAVADORA - CON BOQUILLA;MANTENIMIENTO;0; $ -   ;11603008;MEC;ACTIVO
1596;GUAYA DE PROTECCION ANTILATIGO;MANTENIMIENTO;0; $ -   ;10703005;MET;ACTIVO
1597;"BOMBA SUMERGIBLE DE 2"" MONFASICA  A 220 V AC";MANTENIMIENTO;34; $ 3.660.992 ;2747001;MEC;ACTIVO
1598;TORRE ILUMINACION TEREX RL 414-11301;MANTENIMIENTO;798; $ 17.850.000 ;1849005;MEC;ACTIVO
1599;TORRE ILUMINACION TEREX RL 414-11298;MANTENIMIENTO;798; $ 17.850.000 ;1849006;MEC;ACTIVO
1600;TORRE ILUMINACION TEREX RL 414-11303;MANTENIMIENTO;798; $ 17.850.000 ;1849007;MEC;ACTIVO
1601;TORRE ILUMINACION TEREX RL 414-11302;MANTENIMIENTO;798; $ 17.850.000 ;1849008;MEC;ACTIVO
1605;CANGURO APISONADOR DE 4 TIEMPOS DIESEL;MANTENIMIENTO;80; $ 6.018.750 ;31019123;MEC;ACTIVO
1606;"BOMBA SUPERFICIE DIESEL DE 3""";MANTENIMIENTO;9000; $ 107.000.000 ;5761001;MEC;ACTIVO
1607;PLUMA GRUA DE 250 KG #09;MANTENIMIENTO;180; $ 1.604.358 ;9;MEC;ACTIVO
1608;MOTOR DIESEL 6 - 6.7 HP;MANTENIMIENTO;0; $ 789.446 ;21036005;MEC;ACTIVO
1610;CANGURO APISONADOR DE 4 TIEMPOS;MANTENIMIENTO;80; $ 6.018.750 ;31019018;MEC;ACTIVO
1613;MOTOR ELECTRICO 5.0 HP 1700 RPM 220V-AC MONOFASICO;MANTENIMIENTO;0; $ -   ;1841008;MEC;ACTIVO
1614;"RUEDA 10"" AMD BASE COLLAR";MANTENIMIENTO;4,5; $ 459.320 ;99990062;MET;ACTIVO
1616;MOTOR ELECTRICO 3.0 HP 1700 RPM 220V-AC MONOFASICO;MANTENIMIENTO;0; $ 809.819 ;1840018;MEC;ACTIVO
1618;VIGA DE ARRIOSTRAMIENTO 2.40 M;MANTENIMIENTO;6,52; $ 155.477 ;50600002;MET;ACTIVO
1619;VIGA DE RETAQUE TRANSVERSAL 1.20 M;MANTENIMIENTO;1,5; $ 67.981 ;50600003;MET;ACTIVO
1620;VIGA DE RETAQUE CON ACOPLE 1.50 M;MANTENIMIENTO;6,9; $ 156.416 ;50600004;MET;ACTIVO
1621;VIGA DE RETAQUE CON ACOPLE 3.00 M;MANTENIMIENTO;13,3; $ 225.196 ;50600005;MET;ACTIVO
1622;VIGA DE CONTACTO CON ACOPLE 3.00 M;MANTENIMIENTO;19,5; $ 389.442 ;50600006;MET;ACTIVO
1623;VIGA DE CONTACTO CON ACOPLE 1.50 M;MANTENIMIENTO;12; $ 222.220 ;50600007;MET;ACTIVO
1624;VIGA DE REFUERZO TABLERO FENOLICO 1.2 X 1.20 M;MANTENIMIENTO;2,6; $ 46.044 ;50600008;MET;ACTIVO
1625;DIAGONAL CORTA DE 1.72 M;MANTENIMIENTO;7; $ 59.500 ;50600009;MET;ACTIVO
1626;DIAGONAL CORTA DE 1.94 M;MANTENIMIENTO;7; $ 101.150 ;50600010;MET;ACTIVO
1627;MENSULA 1.20 M BORDE DE LOSA;MANTENIMIENTO;13,3; $ -   ;50600011;MET;ACTIVO
1629;ANDAMIO COLGANTE DE 30 M CON ABRAZADERA;MANTENIMIENTO;60; $ 611.250 ;20101011;MET;ACTIVO
1630;ANDAMIO COLGANTE DE 40 M CON ABRAZADERA;MANTENIMIENTO;60; $ 621.250 ;20101012;MET;ACTIVO
1631;ANDAMIO COLGANTE DE 50 M CON ABRAZADERA (2 GRILLETES);MANTENIMIENTO;51; $ 826.306 ;20101013;MET;ACTIVO
1632;ANDAMIO COLGANTE DE 60 M CON ABRAZADERA (2 GRILLETES);MANTENIMIENTO;52; $ 839.396 ;20101014;MET;ACTIVO
1633;ANDAMIO COLGANTE DE 70 M CON ABRAZADERA (2 GRILLETES);MANTENIMIENTO;53; $ 852.486 ;20101015;MET;ACTIVO
1636;ANDAMIO COLGANTE DE 100 M CON ABRAZADERA (2 GRILLETES);MANTENIMIENTO;56; $ 891.756 ;20101018;MET;ACTIVO
1637;BRAZO DIESEL JLG 600AJ 0300164449;MANTENIMIENTO;15000; $ 202.300.000 ;1849607;MEC;ACTIVO
1638;BRAZO DIESEL JLG 600AJ 0300164448;MANTENIMIENTO;15000; $ 202.300.000 ;1849608;MEC;ACTIVO
1639;LLAVES ;MANTENIMIENTO;0; $ -   ;99999999;MEC;ACTIVO
1640;TABLERO FENOLICO 1.20 X 0.60 M;MANTENIMIENTO;6,1; $ 75.756 ;50600012;MET;ACTIVO
1649;MATRIZ TABLERO FENOLICO;MANTENIMIENTO;0; $ -   ;50600013;MET;ACTIVO
1652;PLATAFORMA 1.4 X 0.6 M FIJA;MANTENIMIENTO;24; $ 438.766 ;30401073;MET;ACTIVO
1653;PLATAFORMA 1.4 X 0.3 M FIJA;MANTENIMIENTO;12; $ 311.751 ;30401074;MET;ACTIVO
1656;GANCHO GIRATORIO PARA PLUMA GRUA CROSBY;MANTENIMIENTO;5,3; $ 612.967 ;13202010;MEC;ACTIVO
1665;"RUEDA 8"" AMD BASE COLLAR";MANTENIMIENTO;4,5; $ 417.563 ;99990064;MET;ACTIVO
1666;VIGA DE ARRIOSTRAMIENTO DE CARGA 3.60 M;MANTENIMIENTO;17,5; $ 340.378 ;50600014;MET;ACTIVO
1667;PIVOTE ESCUALIZABLE SIMPLE PARA VIGA 90 X 50 MM;MANTENIMIENTO;1,56; $ 65.183 ;50600015;MET;ACTIVO
1668;PIVOTE ESCUALIZABLE SIMPLE PARA TACO METÁLICO;MANTENIMIENTO;1,89; $ 29.413 ;50600016;MET;ACTIVO
1669;PIVOTE ESCUALIZABLE DOBLE PARA TACO METÁLICO;MANTENIMIENTO;2,62; $ 44.189 ;50600017;MET;ACTIVO
1670;VERTICAL PARA BARANDA VIGA 90 X 50 MM;MANTENIMIENTO;3,4; $ 97.192 ;50600018;MET;ACTIVO
1671;BARANDA AJUSTABLE DE 3 M;MANTENIMIENTO;4,7; $ 160.273 ;50600019;MET;ACTIVO
1672;MORDAZA PARA COLUMNA;MANTENIMIENTO;8,05; $ 111.011 ;50600020;MET;ACTIVO
1673;TRIPODE;MANTENIMIENTO;8; $ 157.798 ;50600021;MET;ACTIVO
1677;RODAPIES METALICO LATERAL 3.00 MT;MANTENIMIENTO;8,38; $ 130.875 ;99990041;MET;ACTIVO
1680;CORBATA PARA FORMALETA METALICA DE 550 MM;MANTENIMIENTO;0,35; $ 4.301 ;30406016;MET;ACTIVO
1681;MARTILLO PARA MINICARGADOR;MANTENIMIENTO;0; $ -   ;21079001;MEC;ACTIVO
1682;MARTILLO PARA MINICARGADOR;MANTENIMIENTO;0; $ 2.030.914 ;21079002;MEC;ACTIVO
1684;MECANISMO MANUAL ANDAMIO MAMPOSTERO CERTIFICADO (APAREJO ELEVADOR+BLOQUEO DE SEGURIDAD);MANTENIMIENTO;11; $ 1.017.116 ;20101020;MET;ACTIVO
1686;HORIZONTAL 0.75 M;MANTENIMIENTO;4; $ 73.911 ;20101022;MET;ACTIVO
1687;CABLE ANDAMIO COLGANTE CERTIFICADO 100 M;MANTENIMIENTO;26; $ 1.004.717 ;20101023;MET;ACTIVO
1688;PESCANTE DE FIJACIÓN COLGANTE CERTIFICADO;MANTENIMIENTO;17; $ 313.938 ;20101024;MET;ACTIVO
1690;"PULIDORA MANUAL ELECTRICA 7"" 110V AC MONOFASICA";MANTENIMIENTO;34; $ 1.018.640 ;2850003;MEC;ACTIVO
1692;"BOMBA SUPERFICIE DIESEL DE 3""";MANTENIMIENTO;9000; $ 107.000.000 ;5761003;MEC;ACTIVO
1693;"BOMBA SUPERFICIE DIESEL DE 3""";MANTENIMIENTO;9000; $ 107.000.000 ;5761003;MEC;ACTIVO
1697;TOPE PARAL ATRAPACAIDAS (+ tllo+turcs+arandelas);MANTENIMIENTO;2,2; $ 91.224 ;20307030;MET;ACTIVO
1699;ACOPLE AMD PESCANTE DE FIJACIÓN;MANTENIMIENTO;1; $ 72.879 ;20101026;MET;ACTIVO
1701;POLEA PARA PESCANTE DE ANDAMIO COLGANTE CERTIFICADO;MANTENIMIENTO;0,5; $ 15.549 ;20101027;MET;ACTIVO
1702;"GRILLETE TIPO LIRA DE 1/2""";MANTENIMIENTO;0,05; $ 18.740 ;20101028;MET;ACTIVO
1710;CANASTA 1.0 X1.0 X1.0 M;MANTENIMIENTO;0; $ 471.969 ;40205003;MET;ACTIVO
1711;CANASTA 1.9 X 1.5 X 1.7 CONCRETADORA;MANTENIMIENTO;0; $ 707.953 ;40205004;MEC;ACTIVO
1726;CINCEL PALA TALADRO MURO;MANTENIMIENTO;0; $ 98.651 ;40113004;MEC;ACTIVO
1727;CINCEL PUNTA TALADRO MURO;MANTENIMIENTO;0; $ 98.651 ;40113005;MEC;ACTIVO
1728;BASCULA PARA 500 KG;MANTENIMIENTO;96; $ 542.808 ;1721005;MEC;ACTIVO
1731;CONCRETADORA DE 340 LT - 2 SACOS #04;MANTENIMIENTO;450; $ 6.090.975 ;4;MEC;ACTIVO
1732;CONCRETADORA DE 340 LT - 2 SACOS #05;MANTENIMIENTO;450; $ 6.090.975 ;5;MEC;ACTIVO
1733;CONCRETADORA DE 340 LT - 2 SACOS #06;MANTENIMIENTO;450; $ 6.090.975 ;6;MEC;ACTIVO
1734;CONCRETADORA DE 340 LT - 2 SACOS #07;MANTENIMIENTO;450; $ 6.090.975 ;7;MEC;ACTIVO
1735;CONCRETADORA DE 255 LT - 1.1/2 SACO #10;MANTENIMIENTO;1500; $ 6.090.975 ;10;MEC;ACTIVO
1736;CONCRETADORA DE 255 LT - 1.1/2 SACO #11;MANTENIMIENTO;1500; $ 6.090.975 ;11;MEC;ACTIVO
1738;CONCRETADORA DE 255 LT - 1.1/2 SACO #06;MANTENIMIENTO;1500; $ 6.090.975 ;6;MEC;ACTIVO
1739;CANGURO APISONADOR DE 4 TIEMPOS;MANTENIMIENTO;80; $ 6.018.750 ;31019009;MEC;ACTIVO
1740;CANGURO APISONADOR DE 4 TIEMPOS;MANTENIMIENTO;80; $ 6.018.750 ;31019008;MEC;ACTIVO
1741;"BOMBA SUMERGIBLE DE 2"" MONFASICA  A 220 V AC";MANTENIMIENTO;34; $ 3.660.992 ;2747012;MEC;ACTIVO
1742;"BOMBA SUMERGIBLE DE 2"" MONFASICA  A 220 V AC";MANTENIMIENTO;34; $ 3.660.992 ;2747013;MEC;ACTIVO
1743;"BOMBA SUMERGIBLE DE 2"" MONFASICA  A 220 V AC";MANTENIMIENTO;34; $ 3.660.992 ;2747016;MEC;ACTIVO
1744;"BOMBA SUMERGIBLE DE 2"" MONFASICA  A 220 V AC";MANTENIMIENTO;34; $ 3.660.992 ;2747015;MEC;ACTIVO
1746;VIBROCOMPACTADOR TIPO RANA;MANTENIMIENTO;0; $ -   ;2905008;MEC;ACTIVO
1747;VIBRADOR ELECTRICO DE AGUJA PARA CONCRETO 110V AC MONOFASICO;MANTENIMIENTO;20; $ 1.813.179 ;1903003;MEC;ACTIVO
1748;PALANCA APAREJO ELEVADOR MANUAL;MANTENIMIENTO;4; $ 80.063 ;20101029;MET;ACTIVO
1749;RODAPIES METALICO FRONTAL 1.40 MT;MANTENIMIENTO;4; $ 68.317 ;20101030;MET;ACTIVO
1750;RODAPIES METALICO FRONTAL 0.75 M;MANTENIMIENTO;4; $ 44.691 ;20101031;MET;ACTIVO
1751;CABLE ANDAMIO COLGANTE CERTIFICADO 50 m;MANTENIMIENTO;12; $ 532.358 ;20101032;MET;ACTIVO
1752;MOTOR A GASOLINA 6.5 HP 3600 RPM 4T;MANTENIMIENTO;80; $ 1.069.572 ;2844015;MEC;ACTIVO
1753;MOTOR A GASOLINA 6.5 HP 3600 RPM 4T;MANTENIMIENTO;80; $ 1.069.572 ;2844016;MEC;ACTIVO
1754;MOTOR A GASOLINA 13 HP 3600 RPM 4T;MANTENIMIENTO;80; $ 1.370.071 ;2847001;MEC;ACTIVO
1755;"PULIDORA MANUAL ELECTRICA 7"" 110V AC MONOFASICA";MANTENIMIENTO;34; $ 1.018.640 ;2850007;MEC;ACTIVO
1756;"PULIDORA MANUAL ELECTRICA 7"" 110V AC MONOFASICA";MANTENIMIENTO;34; $ 1.018.640 ;2850008;MEC;ACTIVO
1757;TALADRO ELECTRICO DE BANCO;MANTENIMIENTO;34; $ 4.608.327 ;81077002;MEC;ACTIVO
1758;BROCA TALADRO ROTOPERCUTOR;MANTENIMIENTO;0; $ 10.700 ;1341;MEC;ACTIVO
1759;CINCEL PUNTA COMPRESOR;MANTENIMIENTO;20; $ 140.063 ;40113006;MEC;ACTIVO
1760;CINCEL PALA COMPRESOR;MANTENIMIENTO;20; $ 110.240 ;40113007;MEC;ACTIVO
1761;VIBROCOMPACTADOR TIPO RANA;MANTENIMIENTO;0; $ -   ;2905011;MEC;ACTIVO
1762;VIBROCOMPACTADOR TIPO RANA;MANTENIMIENTO;0; $ -   ;2905012;MEC;ACTIVO
1763;VIBROCOMPACTADOR TIPO RANA;MANTENIMIENTO;0; $ -   ;2905013;MEC;ACTIVO
1764;VIBROCOMPACTADOR TIPO RANA;MANTENIMIENTO;0; $ -   ;2905014;MEC;ACTIVO
1775;TACO METALICO DE 1.00 M;MANTENIMIENTO;9,33; $ 115.149 ;50303011;MET;ACTIVO
1778;TALADRO DEMOLEDOR PISO #02 MAKITA;MANTENIMIENTO;0; $ 9.198.800 ;1502;MEC;ACTIVO
1779;TALADRO DEMOLEDOR PISO;MANTENIMIENTO;35; $ 9.198.800 ;1503;MEC;ACTIVO
1780;TALADRO DEMOLEDOR MURO;MANTENIMIENTO;28; $ 859.478 ;1601;MEC;ACTIVO
1781;TALADRO DEMOLEDOR MURO;MANTENIMIENTO;28; $ 859.478 ;1602;MEC;ACTIVO
1784;TALADRO ROTOPERCUTOR PESADO;MANTENIMIENTO;0; $ 1.076.015 ;1702;MEC;ACTIVO
1787;TALADRO ROTOPERCUTOR PESADO;MANTENIMIENTO;0; $ 1.076.015 ;1705;MEC;ACTIVO
1788;TALADRO ROTOPERCUTOR PESADO;MANTENIMIENTO;0; $ 1.076.015 ;1706;MEC;ACTIVO
1789;TALADRO ROTOPERCUTOR PESADO;MANTENIMIENTO;0; $ 1.076.015 ;1701;MEC;ACTIVO
1790;TALADRO ROTOPERCUTOR PESADO;MANTENIMIENTO;0; $ 1.076.015 ;1708;MEC;ACTIVO
1792;TALADRO ROTOPERCUTOR PESADO;MANTENIMIENTO;0; $ 1.076.015 ;1710;MEC;ACTIVO
1793;TALADRO ROTOPERCUTOR LIVIANO;MANTENIMIENTO;0; $ -   ;1801;MEC;ACTIVO
1794;TALADRO ROTOPERCUTOR LIVIANO EINHELL #02;MANTENIMIENTO;0; $ -   ;1802;MEC;ACTIVO
1795;TALADRO ROTOPERCUTOR LIVIANO;MANTENIMIENTO;0; $ -   ;1803;MEC;ACTIVO
1796;TALADRO ROTOPERCUTOR LIVIANO METABO #04;MANTENIMIENTO;0; $ -   ;1804;MEC;ACTIVO
1797;TALADRO ROTOPERCUTOR #05 LIVIANO;MANTENIMIENTO;0; $ -   ;1805;MEC;ACTIVO
1798;TALADRO ROTOPERCUTOR LIVIANO #06 METABO;MANTENIMIENTO;0; $ -   ;1806;MEC;ACTIVO
1799;MOTOR DIESEL 6 - 6.7 HP;MANTENIMIENTO;0; $ 789.446 ;21036006;MEC;ACTIVO
1800;MOTOR DIESEL 6 - 6.7 HP;MANTENIMIENTO;0; $ 789.446 ;21036007;MEC;ACTIVO
1801;SOPORTE BORDE DE LOSA;MANTENIMIENTO;2; $ 21.886 ;50600023;MET;ACTIVO
1802;CINCEL PUNTA TALADRO PISO;MANTENIMIENTO;0; $ 127.330 ;40113008;MEC;ACTIVO
1803;CINCEL PALA TALADRO PISO;MANTENIMIENTO;0; $ 50.932 ;40113009;MEC;ACTIVO
1806;VIGA DE ARRIOSTRAMIENTO 1.90 M;MANTENIMIENTO;5,2; $ 100.095 ;50600024;MET;ACTIVO
1809;TALADRO DEMOLEDOR PISO;MANTENIMIENTO;0; $ 9.198.800 ;1504;MEC;ACTIVO
1810;MOTOR A GASOLINA 6.5 HP 3600 RPM 4T;MANTENIMIENTO;80; $ 1.069.572 ;2844017;MEC;ACTIVO
1811;MOTOR A GASOLINA 6.5 HP 3600 RPM 4T;MANTENIMIENTO;80; $ 1.069.572 ;2844018;MEC;ACTIVO
1812;MOTOR A GASOLINA 6.5 HP 3600 RPM 4T;MANTENIMIENTO;80; $ 1.069.572 ;2844019;MEC;ACTIVO
1813;MOTOR A GASOLINA 6.5 HP 3600 RPM 4T;MANTENIMIENTO;80; $ 1.069.572 ;2844007;MEC;ACTIVO
1814;MOTOR A GASOLINA 6.5 HP 3600 RPM 4T;MANTENIMIENTO;80; $ 1.069.572 ;2844021;MEC;ACTIVO
1815;MOTOR A GASOLINA 6.5 HP 3600 RPM 4T;MANTENIMIENTO;80; $ 1.069.572 ;2844022;MEC;ACTIVO
1816;MOTOR A GASOLINA 9.0 HP 3600 RPM 4T;MANTENIMIENTO;0; $ 1.354.791 ;21058002;MEC;ACTIVO
1817;MOTOR A GASOLINA 6.5 HP 3600 RPM 4T;MANTENIMIENTO;80; $ 1.069.572 ;2844023;MEC;ACTIVO
1821;HIDROLAVADORA ELECTRICA;MANTENIMIENTO;18; $ 833.000 ;1816003;MEC;ACTIVO
1822;TABLERO PLASTICO 1.20 X 0.60 M;MANTENIMIENTO;4,5; $ 114.339 ;50600025;MET;ACTIVO
1823;MOTOR ELECTRICO 5.0 HP 1700 RPM 220V-AC MONOFASICO;MANTENIMIENTO;0; $ -   ;1841010;MEC;ACTIVO
1824;MOTOR ELECTRICO 5.0 HP 1700 RPM 220V-AC MONOFASICO;MANTENIMIENTO;0; $ -   ;1841011;MEC;ACTIVO
1825;MOTOR ELECTRICO 5.0 HP 1700 RPM 220V-AC MONOFASICO;MANTENIMIENTO;0; $ -   ;1841012;MEC;ACTIVO
1826;MOTOR ELECTRICO 3.0 HP 1700 RPM 220V-AC MONOFASICO;MANTENIMIENTO;0; $ 809.819 ;1840019;MEC;ACTIVO
1827;MOTOR ELECTRICO 3.0 HP 1700 RPM 220V-AC MONOFASICO;MANTENIMIENTO;0; $ 809.819 ;1840020;MEC;ACTIVO
1828;MOTOR ELECTRICO 3.0 HP 1700 RPM 220V-AC MONOFASICO;MANTENIMIENTO;0; $ 809.819 ;1840021;MEC;ACTIVO
1829;MOTOR ELECTRICO 3.0 HP 1700 RPM 220V-AC MONOFASICO;MANTENIMIENTO;0; $ 809.819 ;1840022;MEC;ACTIVO
1830;MOTOR ELECTRICO 3.0 HP 1700 RPM 220V-AC MONOFASICO;MANTENIMIENTO;0; $ 809.819 ;1840023;MEC;ACTIVO
1831;MOTOR ELECTRICO 3.0 HP 1700 RPM 220V-AC MONOFASICO;MANTENIMIENTO;0; $ 809.819 ;1840024;MEC;ACTIVO
1832;MOTOR ELECTRICO 3.0 HP 1700 RPM 220V-AC MONOFASICO;MANTENIMIENTO;0; $ 809.819 ;1840025;MEC;ACTIVO
1833;MOTOR ELECTRICO 3.0 HP 1700 RPM 220V-AC MONOFASICO;MANTENIMIENTO;0; $ 809.819 ;1840026;MEC;ACTIVO
1836;MOTOR ELECTRICO 5.0 HP 1700 RPM 220V-AC MONOFASICO;MANTENIMIENTO;0; $ -   ;1841014;MEC;ACTIVO
1837;MOTOR ELECTRICO 5.0 HP 1700 RPM 220V-AC MONOFASICO;MANTENIMIENTO;0; $ -   ;1841015;MEC;ACTIVO
1842;VARILLA ROSCADA GRAN FORMATO 500 MM;MANTENIMIENTO;0; $ -   ;30005;MET;ACTIVO
1843;VARILLA ROSCADA GRAN FORMATO 600 MM;MANTENIMIENTO;0; $ 5.554 ;30006;MET;ACTIVO
1845;VARILLA ROSCADA GRAN FORMATO 800 MM;MANTENIMIENTO;0; $ 7.404 ;30008;MET;ACTIVO
1846;VARILLA ROSCADA GRAN FORMATO 900 MM;MANTENIMIENTO;0; $ 8.330 ;30009;MET;ACTIVO
1847;VARILLA ROSCADA GRAN FORMATO 1000 MM;MANTENIMIENTO;0,8; $ 15.000 ;30010;MET;ACTIVO
1848;VARILLA ROSCADA GRAN FORMATO 1100 MM;MANTENIMIENTO;0; $ 10.180 ;30011;MET;ACTIVO
1849;VARILLA ROSCADA GRAN FORMATO 1200 MM;MANTENIMIENTO;0; $ 11.106 ;30012;MET;ACTIVO
1852;VARILLA ROSCADA GRAN FORMATO 1500 MM;MANTENIMIENTO;0; $ 13.883 ;30015;MET;ACTIVO
1853;TUERCA DE ALA FORMALETA GRAN FORMATO;MANTENIMIENTO;0,6; $ 29.518 ;30020;MET;ACTIVO
1854;GRAPA DE ENSAMBLE CON CUÑA GRAN FORMATO;MANTENIMIENTO;1,12; $ 43.971 ;30021;MET;ACTIVO
1856;ALINEADOR GRAN FORMATO 1000 MM;MANTENIMIENTO;7,1; $ 132.821 ;30031;MET;ACTIVO
1857;ALINEADOR GRAN FORMATO 2000 MM;MANTENIMIENTO;17,75; $ 258.512 ;30032;MET;ACTIVO
1858;ALINEADOR GRAN FORMATO 3000 MM;MANTENIMIENTO;21,3; $ 384.204 ;30033;MET;ACTIVO
1859;ALINEADOR GRAN FORMATO 4000 MM;MANTENIMIENTO;28,4; $ 635.587 ;30034;MET;ACTIVO
1861;FORMALETA GRAN FORMATO 150 X 2400 MM;MANTENIMIENTO;24,64; $ 652.196 ;30041;MET;ACTIVO
1862;FORMALETA GRAN FORMATO 200 X 2400 MM;MANTENIMIENTO;28,84; $ 698.001 ;30042;MET;ACTIVO
1863;FORMALETA GRAN FORMATO 300 X 2400 MM;MANTENIMIENTO;33,62; $ 789.966 ;30043;MET;ACTIVO
1864;FORMALETA GRAN FORMATO 400 X 2400 MM;MANTENIMIENTO;32,12; $ 899.463 ;30044;MET;ACTIVO
1865;FORMALETA GRAN FORMATO 500 X 2400 MM;MANTENIMIENTO;43,17; $ 984.182 ;30045;MET;ACTIVO
1866;FORMALETA GRAN FORMATO 600 X 2400 MM;MANTENIMIENTO;50; $ 1.067.991 ;30046;MET;ACTIVO
1868;RINCONERA GRAN FORMATO 150 X 150 X 2400 M;MANTENIMIENTO;23,64; $ 560.738 ;30030;MET;ACTIVO
1869;ALINEADOR GRAN FORMATO 6000 MM;MANTENIMIENTO;42,6; $ 953.380 ;30036;MET;ACTIVO
1874;ANGULO EXTERIOR GRAN FORMATO 2400 MM;MANTENIMIENTO;8,22; $ 313.067 ;30025;MET;ACTIVO
1876;ALINEADOR GRAN FORMATO 2500 MM;MANTENIMIENTO;5,31; $ 323.140 ;30037;MET;ACTIVO
1877;MARTILLO DEMOLEDOR NEUMATICO 90 LBS;MANTENIMIENTO;0; $ 2.030.914 ;2826003;MEC;ACTIVO
1878;MARTILLO DEMOLEDOR NEUMATICO 90 LBS;MANTENIMIENTO;0; $ 2.030.914 ;2826004;MEC;ACTIVO
1879;MARTILLO DEMOLEDOR NEUMATICO 90 LBS;MANTENIMIENTO;0; $ 2.030.914 ;2826005;MEC;ACTIVO
1880;MARTILLO DEMOLEDOR NEUMATICO 60 LBS;MANTENIMIENTO;0; $ 2.030.914 ;2827001;MEC;ACTIVO
1881;MARTILLO DEMOLEDOR NEUMATICO 60 LBS;MANTENIMIENTO;0; $ 2.030.914 ;2827002;MEC;ACTIVO
1882;MARTILLO DEMOLEDOR NEUMATICO 60 LBS;MANTENIMIENTO;0; $ 2.030.914 ;2827003;MEC;ACTIVO
1887;PLUMA GRUA DE 250 KG #10;MANTENIMIENTO;180; $ 1.604.358 ;1922010;MEC;ACTIVO
1888;COMPRESOR DE PINTURA;MANTENIMIENTO;0; $ 1.785.000 ;2779003;MEC;ACTIVO
1889;"PULIDORA MANUAL ELECTRICA 7"" 110V AC MONOFASICA";MANTENIMIENTO;34; $ 1.018.640 ;2850005;MEC;ACTIVO
1894;CONO FORMALETA GRAN FORMATO;MANTENIMIENTO;0; $ 714 ;30057;MET;ACTIVO
1902;MOTOR ELECTRICO 5.0 HP 1700 RPM 220V-AC MONOFASICO;MANTENIMIENTO;0; $ -   ;1841016;MEC;ACTIVO
1903;MOTOR ELECTRICO 3.0 HP 1700 RPM 220V-AC MONOFASICO;MANTENIMIENTO;0; $ 809.819 ;1840001;MEC;ACTIVO
1907;MOTOR A GASOLINA 6.5 HP 3600 RPM 4T;MANTENIMIENTO;80; $ 1.069.572 ;2844005;MEC;ACTIVO
1913;COMPRESOR DE PINTURA;MANTENIMIENTO;0; $ 1.785.000 ;2779001;MEC;ACTIVO
1914;CONCRETADORA DE 255 LT - 1.1/2 SACO #01;MANTENIMIENTO;1500; $ 6.090.975 ;1;MEC;ACTIVO
1915;CONCRETADORA DE 255 LT - 1.1/2 SACO #02;MANTENIMIENTO;1500; $ 6.090.975 ;2;MEC;ACTIVO
1916;CONCRETADORA DE 255 LT - 1.1/2 SACO #03;MANTENIMIENTO;1500; $ 6.090.975 ;3;MEC;ACTIVO
1917;CONCRETADORA DE 255 LT - 1.1/2 SACO #04;MANTENIMIENTO;1500; $ 6.090.975 ;4;MEC;ACTIVO
1918;MARTILLO PARA COMPRESOR;MANTENIMIENTO;0; $ 2.030.914 ;21070001;MEC;ACTIVO
1929;MOTOR DIESEL 6 - 6.7 HP;MANTENIMIENTO;0; $ 789.446 ;21036007;MEC;ACTIVO
1931;MOTOR DIESEL 7.0 HP;MANTENIMIENTO;0; $ 789.446 ;21036101;MEC;ACTIVO
1932;MOTOR ELECTRICO 3.0 HP 1700 RPM 220V-AC MONOFASICO;MANTENIMIENTO;0; $ 809.819 ;1840001;MEC;ACTIVO
1933;MOTOR ELECTRICO 3.0 HP 1700 RPM 220V-AC MONOFASICO;MANTENIMIENTO;0; $ 809.819 ;1840002;MEC;ACTIVO
1934;MOTOR ELECTRICO 3.0 HP 1700 RPM 220V-AC MONOFASICO;MANTENIMIENTO;0; $ 809.819 ;1840003;MEC;ACTIVO
1935;MOTOR ELECTRICO 5.0 HP 1700 RPM 220V-AC MONOFASICO;MANTENIMIENTO;0; $ -   ;1841001;MEC;ACTIVO
1936;MOTOR ELECTRICO 5.0 HP 1700 RPM 220V-AC MONOFASICO;MANTENIMIENTO;0; $ -   ;1841002;MEC;ACTIVO
1938;"PULIDORA MANUAL ELECTRICA 4"" 110V AC MONOFASICA";MANTENIMIENTO;5; $ 612.967 ;2849002;MEC;ACTIVO
1940;"PULIDORA MANUAL ELECTRICA 7"" 110V AC MONOFASICA";MANTENIMIENTO;34; $ 1.018.640 ;2850002;MEC;ACTIVO
1941;"PULIDORA MANUAL ELECTRICA 7"" 110V AC MONOFASICA";MANTENIMIENTO;34; $ 1.018.640 ;2850004;MEC;ACTIVO
1942;"PULIDORA MANUAL ELECTRICA 7"" 110V AC MONOFASICA";MANTENIMIENTO;34; $ 1.018.640 ;2850003;MEC;ACTIVO
1943;TALADRO DEMOLEDOR PISO;MANTENIMIENTO;0; $ 9.198.800 ;1501;MEC;ACTIVO
1944;TALADRO DEMOLEDOR PISO;MANTENIMIENTO;0; $ 9.198.800 ;1502;MEC;ACTIVO
1945;TALADRO ROTOPERCUTOR PESADO;MANTENIMIENTO;0; $ 1.076.015 ;1701;MEC;ACTIVO
1946;VIBRADOR ELECTRICO PARA CONCRETO 110V AC MONOFASICO;MANTENIMIENTO;20; $ 1.757.154 ;1902004;MEC;ACTIVO
1947;VIBROCOMPACTADOR TIPO RANA;MANTENIMIENTO;0; $ -   ;2905004;MEC;ACTIVO
1948;VIBROCOMPACTADOR TIPO RANA;MANTENIMIENTO;0; $ -   ;2905005;MEC;ACTIVO
1949;VIBROCOMPACTADOR TIPO RANA;MANTENIMIENTO;0; $ -   ;2905002;MEC;ACTIVO
1950;VIBROCOMPACTADOR TIPO RANA;MANTENIMIENTO;0; $ -   ;2905007;MEC;ACTIVO
1951;CANGURO APISONADOR DE 4 TIEMPOS;MANTENIMIENTO;80; $ 6.018.750 ;31019001;MEC;ACTIVO
1952;CANGURO APISONADOR DE 4 TIEMPOS;MANTENIMIENTO;80; $ 6.018.750 ;31019003;MEC;ACTIVO
1953;CANGURO APISONADOR DE 4 TIEMPOS;MANTENIMIENTO;80; $ 6.018.750 ;31019015;MEC;ACTIVO
1954;CANGURO APISONADOR DE 4 TIEMPOS;MANTENIMIENTO;80; $ 6.018.750 ;31019019;MEC;ACTIVO
1955;CANGURO APISONADOR DE 4 TIEMPOS;MANTENIMIENTO;80; $ 6.018.750 ;31019002;MEC;ACTIVO
1956;COMPRESOR DE PINTURA;MANTENIMIENTO;0; $ 1.785.000 ;2779001;MEC;ACTIVO
1957;CONCRETADORA DE 170 LT - 1 SACO;MANTENIMIENTO;1500; $ 3.723.600 ;2832001;MEC;ACTIVO
1958;CONCRETADORA DE 255 LT - 1.1/2 SACO #01;MANTENIMIENTO;1500; $ 6.090.975 ;1;MEC;ACTIVO
1960;MOTOR ELECTRICO 3.0 HP 1700 RPM 220V-AC MONOFASICO;MANTENIMIENTO;0; $ 809.819 ;1840002;MEC;ACTIVO
1961;MOTOR A GASOLINA 9.0 HP 3600 RPM 4T;MANTENIMIENTO;0; $ 1.354.791 ;21058001;MEC;ACTIVO
1962;MOTOR ELECTRICO 3.0 HP 1700 RPM 220V-AC MONOFASICO;MANTENIMIENTO;0; $ 809.819 ;1840003;MEC;ACTIVO
1963;MOTOR ELECTRICO 3.0 HP 1700 RPM 220V-AC MONOFASICO;MANTENIMIENTO;0; $ 809.819 ;1840004;MEC;ACTIVO
1964;MOTOR ELECTRICO 3.0 HP 1700 RPM 220V-AC MONOFASICO;MANTENIMIENTO;0; $ 809.819 ;1840005;MEC;ACTIVO
1965;MOTOR ELECTRICO 3.0 HP 1700 RPM 220V-AC MONOFASICO;MANTENIMIENTO;0; $ 809.819 ;1840006;MEC;ACTIVO
1966;MOTOR ELECTRICO 3.0 HP 1700 RPM 220V-AC MONOFASICO;MANTENIMIENTO;0; $ 809.819 ;1840008;MEC;ACTIVO
1967;MOTOR ELECTRICO 3.0 HP 1700 RPM 220V-AC MONOFASICO;MANTENIMIENTO;0; $ 809.819 ;1840010;MEC;ACTIVO
1968;MOTOR ELECTRICO 5.0 HP 1700 RPM 220V-AC MONOFASICO;MANTENIMIENTO;0; $ -   ;1841003;MEC;ACTIVO
1969;MOTOR ELECTRICO 5.0 HP 1700 RPM 220V-AC MONOFASICO;MANTENIMIENTO;0; $ -   ;1841004;MEC;ACTIVO
1970;MOTOR ELECTRICO 5.0 HP 1700 RPM 220V-AC MONOFASICO;MANTENIMIENTO;0; $ -   ;1841005;MEC;ACTIVO
1971;MOTOR ELECTRICO 5.0 HP 1700 RPM 220V-AC MONOFASICO;MANTENIMIENTO;0; $ -   ;1841006;MEC;ACTIVO
1972;MOTOR ELECTRICO 5.0 HP 1700 RPM 220V-AC MONOFASICO;MANTENIMIENTO;0; $ -   ;1841007;MEC;ACTIVO
1973;MOTOR ELECTRICO 5.0 HP 1700 RPM 220V-AC MONOFASICO;MANTENIMIENTO;0; $ -   ;1841008;MEC;ACTIVO
1974;SIERRA CIRCULAR;MANTENIMIENTO;0; $ -   ;1856001;MEC;ACTIVO
1975;"PULIDORA MANUAL ELECTRICA 7"" 110V AC MONOFASICA";MANTENIMIENTO;34; $ 1.018.640 ;2850002;MEC;ACTIVO
1976;PLUMA GRUA DE 250 KG #04;MANTENIMIENTO;180; $ 1.604.358 ;1922004;MEC;ACTIVO
1977;CONCRETADORA ELECTRICA  DE 255 LT - 1.1/2 SACO  #02;MANTENIMIENTO;1500; $ 6.090.975 ;2;MEC;ACTIVO
1978;CONCRETADORA DE 255 LT - 1.1/2 SACO #03;MANTENIMIENTO;1500; $ 6.090.975 ;3;MEC;ACTIVO
1979;CONCRETADORA DE 255 LT - 1.1/2 SACO #04;MANTENIMIENTO;1500; $ 6.090.975 ;4;MEC;ACTIVO
1980;CONCRETADORA DE 340 LT - 2 SACOS #01;MANTENIMIENTO;450; $ 6.090.975 ;1;MEC;ACTIVO
1981;CORTADORA DE ADOBE SIN DISCO;MANTENIMIENTO;80; $ 1.379.939 ;1781002;MEC;ACTIVO
1982;CORTADORA DE ADOBE SIN DISCO;MANTENIMIENTO;80; $ 1.379.939 ;1781003;MEC;ACTIVO
1983;CORTADORA DE ADOBE SIN DISCO;MANTENIMIENTO;80; $ 1.379.939 ;1781004;MEC;ACTIVO
1984;CORTADORA DE ADOBE SIN DISCO;MANTENIMIENTO;80; $ 1.379.939 ;1781005;MEC;ACTIVO
1985;PLUMA GRUA DE 250 KG #05;MANTENIMIENTO;180; $ 1.604.358 ;1922005;MEC;ACTIVO
1986;PLUMA GRUA DE 250 KG #06;MANTENIMIENTO;180; $ 1.604.358 ;1922006;MEC;ACTIVO
1987;PLUMA GRUA DE 250 KG #08;MANTENIMIENTO;180; $ 1.604.358 ;1922008;MEC;ACTIVO
1988;CORTADORA DE PISO SIN DISCO;MANTENIMIENTO;0; $ 3.685.185 ;5790001;MEC;ACTIVO
1989;EQUIPO DE SOLDADURA ELECTRICA 225 A;MANTENIMIENTO;0; $ 2.139.144 ;1807001;MEC;ACTIVO
1990;EQUIPO DE SOLDADURA ELECTRICA 225 A;MANTENIMIENTO;0; $ 2.139.144 ;1807002;MEC;ACTIVO
1992;MOTOR A GASOLINA 6.5 HP 3600 RPM 4T;MANTENIMIENTO;80; $ 1.069.572 ;2844002;MEC;ACTIVO
1993;MOTOR A GASOLINA 6.5 HP 3600 RPM 4T;MANTENIMIENTO;80; $ 1.069.572 ;2844004;MEC;ACTIVO
1994;MOTOR A GASOLINA 6.5 HP 3600 RPM 4T;MANTENIMIENTO;80; $ 1.069.572 ;2844008;MEC;ACTIVO
1995;MOTOR A GASOLINA 6.5 HP 3600 RPM 4T;MANTENIMIENTO;80; $ 1.069.572 ;2844009;MEC;ACTIVO
1996;MOTOR A GASOLINA 6.5 HP 3600 RPM 4T;MANTENIMIENTO;80; $ 1.069.572 ;2844010;MEC;ACTIVO
1997;MOTOR A GASOLINA 6.5 HP 3600 RPM 4T;MANTENIMIENTO;80; $ 1.069.572 ;2844011;MEC;ACTIVO
1998;MOTOR A GASOLINA 6.5 HP 3600 RPM 4T;MANTENIMIENTO;80; $ 1.069.572 ;2844012;MEC;ACTIVO
1999;MOTOR A GASOLINA 6.5 HP 3600 RPM 4T;MANTENIMIENTO;80; $ 1.069.572 ;2844013;MEC;ACTIVO
2000;MOTOR A GASOLINA 6.5 HP 3600 RPM 4T;MANTENIMIENTO;80; $ 1.069.572 ;2844014;MEC;ACTIVO
2001;MOTOR A GASOLINA 6.5 HP 3600 RPM 4T;MANTENIMIENTO;80; $ 1.069.572 ;2844015;MEC;ACTIVO
2002;MOTOR A GASOLINA 6.5 HP 3600 RPM 4T;MANTENIMIENTO;80; $ 1.069.572 ;2844016;MEC;ACTIVO
2003;TALADRO DEMOLEDOR MURO;MANTENIMIENTO;28; $ 859.478 ;1602;MEC;ACTIVO
2004;TALADRO DEMOLEDOR MURO;MANTENIMIENTO;28; $ 859.478 ;1603;MEC;ACTIVO
2005;TALADRO DEMOLEDOR PISO;MANTENIMIENTO;0; $ 9.198.800 ;1501;MEC;ACTIVO
2006;TALADRO DEMOLEDOR PISO;MANTENIMIENTO;0; $ 9.198.800 ;1502;MEC;ACTIVO
2007;TALADRO ELECTRICO DE BANCO;MANTENIMIENTO;0; $ 4.608.327 ;81077001;MEC;ACTIVO
2008;TALADRO ELECTRICO DE BANCO;MANTENIMIENTO;0; $ 4.608.327 ;81077002;MEC;ACTIVO
2009;TALADRO ROTOPERCUTOR LIVIANO;MANTENIMIENTO;0; $ -   ;1801;MEC;ACTIVO
2010;TALADRO ROTOPERCUTOR LIVIANO;MANTENIMIENTO;0; $ -   ;1802;MEC;ACTIVO
2011;TALADRO ROTOPERCUTOR LIVIANO;MANTENIMIENTO;0; $ -   ;1803;MEC;ACTIVO
2012;TALADRO ROTOPERCUTOR LIVIANO;MANTENIMIENTO;0; $ -   ;1804;MEC;ACTIVO
2013;TALADRO ROTOPERCUTOR LIVIANO;MANTENIMIENTO;0; $ -   ;1805;MEC;ACTIVO
2014;TALADRO ROTOPERCUTOR LIVIANO;MANTENIMIENTO;0; $ -   ;1701;MEC;ACTIVO
2015;VIBRADOR A GASOLINA PARA CONCRETO;MANTENIMIENTO;20; $ 2.326.319 ;2904001;MEC;ACTIVO
2016;VIBRADOR ELECTRICO DE AGUJA PARA CONCRETO 110V AC MONOFASICO;MANTENIMIENTO;20; $ 1.757.154 ;1903001;MEC;ACTIVO
2017;VIBRADOR ELECTRICO PARA CONCRETO 110V AC MONOFASICO;MANTENIMIENTO;20; $ 1.757.154 ;1902003;MEC;ACTIVO
2018;VIBRADOR ELECTRICO PARA CONCRETO 110V AC MONOFASICO;MANTENIMIENTO;20; $ 1.757.154 ;1902004;MEC;ACTIVO
2019;VIBRADOR ELECTRICO PARA CONCRETO 110V AC MONOFASICO;MANTENIMIENTO;20; $ 1.757.154 ;1902007;MEC;ACTIVO
2020;VIBRADOR ELECTRICO DE AGUJA PARA CONCRETO 110V AC MONOFASICO;MANTENIMIENTO;20; $ 1.757.154 ;1902008;MEC;ACTIVO
2021;VIBRADOR ELECTRICO PARA CONCRETO 110V AC MONOFASICO;MANTENIMIENTO;20; $ 1.757.154 ;1902006;MEC;ACTIVO
2022;VIBRADOR ELECTRICO PARA CONCRETO 110V AC MONOFASICO;MANTENIMIENTO;20; $ 1.757.154 ;1902009;MEC;ACTIVO
2023;VIBROCOMPACTADOR TIPO RANA;MANTENIMIENTO;0; $ -   ;2905004;MEC;ACTIVO
2024;VIBROCOMPACTADOR TIPO RANA;MANTENIMIENTO;0; $ -   ;2905006;MEC;ACTIVO
2026;"ALLANADORA DE 36"" SIN ASPAS";MANTENIMIENTO;88; $ 2.968.826 ;1741001;MEC;ACTIVO
2027;"ALLANADORA DE 36"" SIN ASPAS";MANTENIMIENTO;88; $ 2.968.826 ;1741002;MEC;ACTIVO
2028;CANGURO APISONADOR DE 4 TIEMPOS;MANTENIMIENTO;80; $ 6.018.750 ;1;MEC;ACTIVO
2029;CANGURO APISONADOR DE 4 TIEMPOS;MANTENIMIENTO;80; $ 6.018.750 ;31019027;MEC;ACTIVO
2030;CANGURO APISONADOR DE 4 TIEMPOS;MANTENIMIENTO;80; $ 6.018.750 ;31019005;MEC;ACTIVO
2031;CANGURO APISONADOR DE 4 TIEMPOS;MANTENIMIENTO;80; $ 6.018.750 ;31019026;MEC;ACTIVO
2032;COMPRESOR IR 185  #3;MANTENIMIENTO;1500; $ 37.236.000 ;3;MEC;ACTIVO
2033;CONCRETADORA DE 255 LT - 1.1/2 SACO #13;MANTENIMIENTO;1500; $ 6.090.975 ;13;MEC;ACTIVO
2034;CONCRETADORA DE 255 LT - 1.1/2 SACO #05;MANTENIMIENTO;1500; $ 6.090.975 ;5;MEC;ACTIVO
2035;CORTADORA DE ADOBE SIN DISCO;MANTENIMIENTO;80; $ 1.379.939 ;1781001;MEC;ACTIVO
2036;CORTADORA DE ADOBE SIN DISCO;MANTENIMIENTO;80; $ 1.379.939 ;1781003;MEC;ACTIVO
2038;MOTOR A GASOLINA 6.5 HP 3600 RPM 4T;MANTENIMIENTO;80; $ 1.069.572 ;2844003;MEC;ACTIVO
2039;MOTOR A GASOLINA 6.5 HP 3600 RPM 4T;MANTENIMIENTO;80; $ 1.069.572 ;2844006;MEC;ACTIVO
2040;MOTOR A GASOLINA 9.0 HP 3600 RPM 4T #03;MANTENIMIENTO;0; $ 1.354.791 ;21058003;MEC;ACTIVO
2041;MOTOR A GASOLINA 9.0 HP 3600 RPM 4T;MANTENIMIENTO;0; $ 1.354.791 ;21058002;MEC;ACTIVO
2042;MOTOR DIESEL 6 - 6.7 HP;MANTENIMIENTO;0; $ 789.446 ;21036008;MEC;ACTIVO
2043;MOTOR DIESEL 6 - 6.7 HP;MANTENIMIENTO;0; $ 789.446 ;21036004;MEC;ACTIVO
2044;MOTOR DIESEL 9.5 H.P;MANTENIMIENTO;0; $ 865.844 ;21036202;MEC;ACTIVO
2045;MOTOR ELECTRICO 3.0 HP 1700 RPM 220V-AC MONOFASICO;MANTENIMIENTO;0; $ 809.819 ;1840001;MEC;ACTIVO
2046;MOTOR ELECTRICO 3.0 HP 1700 RPM 220V-AC MONOFASICO;MANTENIMIENTO;0; $ 809.819 ;1840007;MEC;ACTIVO
2047;VIBROCOMPACTADOR TIPO RANA;MANTENIMIENTO;0; $ -   ;2905005;MEC;ACTIVO
2048;VIBROCOMPACTADOR TIPO RANA;MANTENIMIENTO;0; $ -   ;2905003;MEC;ACTIVO
2049;VIBROCOMPACTADOR TIPO RANA;MANTENIMIENTO;0; $ -   ;2905003;MEC;ACTIVO
2050;VIBROCOMPACTADOR TIPO RANA;MANTENIMIENTO;0; $ -   ;2905001;MEC;ACTIVO
2051;VIBRADOR ELECTRICO PARA CONCRETO 110V AC MONOFASICO;MANTENIMIENTO;20; $ 1.750.788 ;1902010;MEC;ACTIVO
2052;VIBRADOR ELECTRICO PARA CONCRETO 110V AC MONOFASICO;MANTENIMIENTO;20; $ 1.757.154 ;1902005;MEC;ACTIVO
2054;VIBRADOR ELECTRICO PARA CONCRETO 110V AC MONOFASICO;MANTENIMIENTO;20; $ 1.757.154 ;1902003;MEC;ACTIVO
2055;VIBRADOR ELECTRICO PARA CONCRETO 110V AC MONOFASICO;MANTENIMIENTO;20; $ 1.757.154 ;902002;MEC;ACTIVO
2056;VIBRADOR ELECTRICO PARA CONCRETO 110V AC MONOFASICO;MANTENIMIENTO;20; $ 1.757.154 ;1902002;MEC;ACTIVO
2057;VIBRADOR ELECTRICO PARA CONCRETO 110V AC MONOFASICO;MANTENIMIENTO;20; $ 1.757.154 ;1902001;MEC;ACTIVO
2058;TALADRO ROTOPERCUTOR LIVIANO;MANTENIMIENTO;0; $ -   ;1702;MEC;ACTIVO
2059;TALADRO DEMOLEDOR MURO;MANTENIMIENTO;28; $ 859.478 ;1604;MEC;ACTIVO
2060;"PULIDORA MANUAL ELECTRICA 7"" 110V AC MONOFASICA";MANTENIMIENTO;34; $ 1.018.640 ;2850003;MEC;ACTIVO
2061;"PULIDORA MANUAL ELECTRICA 7"" 110V AC MONOFASICA";MANTENIMIENTO;34; $ 1.018.640 ;2850004;MEC;ACTIVO
2062;"PULIDORA MANUAL ELECTRICA 7"" 110V AC MONOFASICA";MANTENIMIENTO;34; $ 1.018.640 ;2850001;MEC;ACTIVO
2064;PLUMA GRUA DE 250 KG #07;MANTENIMIENTO;180; $ 1.604.358 ;1922007;MEC;ACTIVO
2065;MOTOR ELECTRICO 3.0 HP 1700 RPM 220V-AC MONOFASICO;MANTENIMIENTO;0; $ 809.819 ;1840009;MEC;ACTIVO
2068;TALADRO DEMOLEDOR MURO;MANTENIMIENTO;28; $ 859.478 ;1601;MEC;ACTIVO
2070;PLUMA GRUA DE 250 KG #03;MANTENIMIENTO;180; $ 1.604.358 ;1922003;MEC;ACTIVO
2071;PLUMA GRUA DE 250 KG #03;MANTENIMIENTO;180; $ 1.604.358 ;1922003;MEC;ACTIVO
2072;PLUMA GRUA DE 250 KG #01;MANTENIMIENTO;180; $ 1.604.358 ;1922001;MEC;ACTIVO
2074;MARTILLO DEMOLEDOR NEUMATICO 90 LBS;MANTENIMIENTO;0; $ 2.030.914 ;2826006;MEC;ACTIVO
2118;"GRILLETE 3/8"" ANDAMIO COLGANTE";MANTENIMIENTO;0; $ 3.570 ;5246;MET;ACTIVO
2391;TALADRO DEMOLEDOR PISO #03 BOSCH;MANTENIMIENTO;0; $ 9.198.800 ;1503;MEC;ACTIVO
2404;PUENTE GRÚA MOTOR ARRASTRE - TAMBOR DE ARRASTRE CON MOTOR;MANTENIMIENTO;0; $ -   ;1;MEC;ACTIVO
2405;PUENTE GRÚA MOTOR ARRASTRE - TAMBOR DE ARRASTRE CON MOTOR;MANTENIMIENTO;0; $ -   ;2;MEC;ACTIVO
2406;PUENTE GRÚA MOTOR ARRASTRE - TAMBOR DE ARRASTRE CON MOTOR;MANTENIMIENTO;0; $ -   ;3;MEC;ACTIVO
2407;PUENTE GRÚA MOTOR ARRASTRE - TAMBOR DE ARRASTRE CON MOTOR;MANTENIMIENTO;0; $ -   ;4;MEC;ACTIVO
2408;VEHÍCULO LUV 1T GASOLINA - MMP-449;MANTENIMIENTO;0; $ 13.000.000 ;1;MEC;ACTIVO
2409;VEHÍCULO LUV 1T DIESEL - TMU-236;MANTENIMIENTO;0; $ 25.500.000 ;2;MEC;ACTIVO
2411;VEHÍCULO NKR 3T DIESEL - TMV-034;MANTENIMIENTO;0; $ 32.100.000 ;4;MEC;ACTIVO
2412;VEHÍCULO NKR 3T DIESEL - TMV-703;MANTENIMIENTO;0; $ 35.200.000 ;5;MEC;ACTIVO
2413;MOTO BOXER EDK-42E;MANTENIMIENTO;0; $ 1.785.000 ;1;MEC;ACTIVO
2429;TALADRO DEMOLEDOR PISO DEWALT #04;MANTENIMIENTO;0; $ 9.198.800 ;1504;MEC;ACTIVO
2430;MOTOR ELECTRICO 5.0 HP 1700 RPM 220V-AC MONOFASICO ;MANTENIMIENTO;0; $ -   ;1841002;MEC;ACTIVO
2431;PLUMA GRUA DE 250 KG #09;MANTENIMIENTO;180; $ 1.604.358 ;1922009;MEC;ACTIVO
2432;PLUMA GRUA DE 250 KG #02;MANTENIMIENTO;180; $ 1.604.358 ;1922002;MEC;ACTIVO
2433;VEHÍCULO NKR 3T DIESEL - TMU-890;MANTENIMIENTO;0; $ 35.200.000 ;6;MEC;ACTIVO
2434;VEHÍCULO NKR 3T DIESEL - SPL-139;MANTENIMIENTO;0; $ 27.300.000 ;7;MEC;ACTIVO
2435;PLATAFORMA 1.4 X 0.6 M FIJA ESCOTILLA;MANTENIMIENTO;24; $ 503.103 ;30401077;MET;ACTIVO
2437;MOTOR ELECTRICO 5.0 HP 1700 RPM 220V-AC MONOFASICO;MANTENIMIENTO;0; $ -   ;1841017;MEC;ACTIVO
2440;VEHÍCULO NHR 2T DIESEL - TZL-505;MANTENIMIENTO;0; $ 43.900.000 ;8;MEC;ACTIVO
2441;MOTOR DIESEL 10 HP REDUCCION 1800 RPM;MANTENIMIENTO;0; $ 865.844 ;1;MEC;ACTIVO
2442;MOTOR DIESEL 10 HP REDUCCION 1800 RPM;MANTENIMIENTO;0; $ 865.844 ;2;MEC;ACTIVO
2443;DIADEMA GUARDERA 500 MM;MANTENIMIENTO;0; $ -   ;3347;MET;ACTIVO
2466;TALADRO ROTOPERCUTOR LIVIANO;MANTENIMIENTO;0; $ -   ;1807;MEC;ACTIVO
2468;TABLERO FENOLICO 1.20 X 0.45 M;MANTENIMIENTO;4,5; $ 56.817 ;50600026;MET;ACTIVO
2483;COLGANTE CERTIFICADO COMPLETO (MARCO-APAREJO ELEVADOR-BLOQUEO DE SEG);MANTENIMIENTO;25; $ 1.508.758 ;20101034;MET;ACTIVO
2484;PLATAFORMA 2.1 X 0.3 M;MANTENIMIENTO;11,9; $ 350.282 ;20203010;MET;ACTIVO
2485;MENSULA FORMALETA - GRAN FORMATO Y FORMALETA METÁLICA;MANTENIMIENTO;0; $ 114.540 ;30201033;MET;ACTIVO
2488;MOTOR DIESEL 10 HP;MANTENIMIENTO;0; $ 865.844 ;21037201;MEC;ACTIVO
2493;PLATAFORMA 3.0 X 0.6 M FIJA MAMPOSTERO;MANTENIMIENTO;0; $ 1.066.202 ;PAM 3.0X0.60 M;MET;ACTIVO
2494;BARANDA PARA ESCALERA 3.00 M;MANTENIMIENTO;0; $ -   ;30401079;MET;ACTIVO
2496;ESCALERA 3.0 X 0.60 M PEATONAL;MANTENIMIENTO;0; $ 1.572.305 ;30401080;MET;ACTIVO
2498;AJUSTES PARA FORMALETA de 150 x 200 MM;MANTENIMIENTO;0; $ 55.000 ;0;MET;ACTIVO
2499;AJUSTES PARA FORMALETA de 200 x 300 MM;MANTENIMIENTO;0; $ 55.000 ;0;MET;ACTIVO
2500;AJUSTES PARA FORMALETA de 200 x 500 MM;MANTENIMIENTO;0; $ 55.000 ;0;MET;ACTIVO
2519;TAPON FORMALETA GRAN FORMATO;MANTENIMIENTO;0; $ 476 ;30047;MET;ACTIVO
2520;ACOPLE APUNTALAMIENTO GRAN FORMATO;MANTENIMIENTO;0,25; $ 17.555 ;30048;MET;ACTIVO
2521;FORMALETA GRAN FORMATO 600 X 1200 MM;MANTENIMIENTO;32; $ 626.645 ;30049;MET;ACTIVO
2522;VARILLA EN T 250 MM FORMALETA GRAN FORMATO;MANTENIMIENTO;0,45; $ 5.852 ;30050;MET;ACTIVO
2524;ANGULO EXTERIOR GRAN FORMATO 1200 MM;MANTENIMIENTO;4,11; $ 191.751 ;30052;MET;ACTIVO
2528;CUÑERO PTS 100X100 TOPE ARRIOSTRAMIENTO;MANTENIMIENTO;2,4; $ 107.100 ;0;MET;ACTIVO
2529;"ACOPLE PTS 100X100X500 MM (2 TORN; 2 TUERCAS; 4 ARAND)";MANTENIMIENTO;0; $ 47.195 ;0;MET;ACTIVO
2531;GRAPA TRASLAPO FORMALETA GRAN FORMATO;MANTENIMIENTO;0,37; $ 24.280 ;30053;MET;ACTIVO
2532;FORMALETA GRAN FORMATO 500 X 1200 MM;MANTENIMIENTO;23,11; $ 577.995 ;30054;MET;ACTIVO
2533;ALINEADOR GRAN FORMATO 1500 MM;MANTENIMIENTO;10,65; $ 195.666 ;30055;MET;ACTIVO
2534;FORMALETA GRAN FORMATO 150 X 600 MM;MANTENIMIENTO;5,7; $ 250.335 ;30060;MET;ACTIVO
2535;FORMALETA GRAN FORMATO 300 X 600 MM;MANTENIMIENTO;7,94; $ 286.938 ;30061;MET;ACTIVO
2536;FORMALETA GRAN FORMATO 400 X 600 MM;MANTENIMIENTO;10,63; $ 336.224 ;30062;MET;ACTIVO
2537;FORMALETA GRAN FORMATO 600 X 600 MM;MANTENIMIENTO;12,33; $ 398.729 ;30063;MET;ACTIVO
2538;RINCONERA GRAN FORMATO 150 X 150 X 600 M;MANTENIMIENTO;6,41; $ 181.366 ;30064;MET;ACTIVO
2539;ALINEADOR GRAN FORMATO 1200 MM;MANTENIMIENTO;8,52; $ 156.533 ;30065;MET;ACTIVO
2540;GATO DOBLE ACCION BASE PLANA 2.7 M A 3.3 M GRAN FORMATO;MANTENIMIENTO;17,9; $ 242.123 ;0;MET;ACTIVO
2541;VARILLA EN T 150 MM FORMALETA GRAN FORMATO;MANTENIMIENTO;0,2; $ 5.052 ;0;MET;ACTIVO
2542;ANGULO EXTERIOR GRAN FORMATO 600 MM;MANTENIMIENTO;2,1; $ 112.305 ;0;MET;ACTIVO
2545;VEHÍCULO NKR 3T DIESEL - SNQ-432;MANTENIMIENTO;0; $ 51.110.000 ;9;MEC;ACTIVO
2546;MARTILLO DEMOLEDOR NEUMATICO 90 LBS;MANTENIMIENTO;0; $ 2.030.914 ;2826007;MEC;ACTIVO
2547;MOTOR DIESEL 7.0 HP;MANTENIMIENTO;0; $ 789.446 ;21036104;MEC;ACTIVO
2548;MOTOR DIESEL 9.5 H.P;MANTENIMIENTO;0; $ 865.844 ;21036203;MEC;ACTIVO
2549;ACOPLE APUNTALAMIENTO FORMALETA METÁLICA (MENSULA-HALADOR);MANTENIMIENTO;0,25; $ 17.555 ;30066;MET;ACTIVO
2551;VARILLA EN L 250 MM FORMALETA GRAN FORMATO;MANTENIMIENTO;0,4; $ 6.292 ;0;MET;ACTIVO
2553;FORMALETA GRAN FORMATO 200 X 1200 MM;MANTENIMIENTO;14,66; $ 409.288 ;0;MET;ACTIVO
2554;FORMALETA GRAN FORMATO 150 X 1200 MM;MANTENIMIENTO;13,96; $ 384.623 ;0;MET;ACTIVO
2557;MARTILLO DEMOLEDOR NEUMATICO 60 LBS;MANTENIMIENTO;0; $ 2.030.914 ;21070003;MEC;ACTIVO
2558;MARTILLO DEMOLEDOR NEUMATICO 60 LBS;MANTENIMIENTO;0; $ 2.030.914 ;21070003;MEC;ACTIVO
2561;CORBATA PARA FORMALETA METALICA DE 1000 MM;MANTENIMIENTO;0,64; $ 6.887 ;0;MET;ACTIVO
2562;ACOPLE COLGANTE - PLATAFORMA TIPO CAN;MANTENIMIENTO;3,8; $ 71.400 ;0;MET;ACTIVO
2566;CANGURO APISONADOR DE 4 TIEMPOS;MANTENIMIENTO;80; $ 6.018.750 ;31019010;MEC;ACTIVO
2567;CANGURO APISONADOR DE 4 TIEMPOS (SIN MOTOR);MANTENIMIENTO;80; $ 6.018.750 ;31019029;MEC;ACTIVO
2572;VIBRADOR ELECTRICO PARA CONCRETO 110V AC MONOFASICO;MANTENIMIENTO;0; $ 1.757.154 ;1902026;MEC;ACTIVO
2575;FORMALETA GRAN FORMATO 500 X 600 MM;MANTENIMIENTO;11,01; $ 366.578 ;0;MET;ACTIVO
2576;FORMALETA GRAN FORMATO 200 X 600 MM;MANTENIMIENTO;6,45; $ 255.984 ;0;MET;ACTIVO
2577;ALINEADOR GRAN FORMATO 600 MM;MANTENIMIENTO;1,28; $ 78.267 ;0;MET;ACTIVO
2578;ALINEADOR GRAN FORMATO 3500 MM;MANTENIMIENTO;24,85; $ 456.555 ;0;MET;ACTIVO
2581;TABLERO FENOLICO 1.20 X 0.30 M;MANTENIMIENTO;3,05; $ 37.878 ;0;MET;ACTIVO
2609;GRILLETE 1/4 TRABAJO PESADO;MANTENIMIENTO;0; $ 6.545 ;0;MET;ACTIVO
2628;LOSA ANDECK 3.2 UN NIVEL M² SUMINISTRADO;MANTENIMIENTO;0; $ -   ;0;MET;ACTIVO
2641;AR218 BRAZO ELECTRICO 400 AJ 14 MTS SERIE.300082424;MANTENIMIENTO;0; $ -   ;AR218;MEC;ACTIVO
2645;GANCHO GIRATORIO PARA PLUMA GRUA CON SEGURO;MANTENIMIENTO;0; $ 409.876 ;0;MEC;ACTIVO
2679;VIBRADOR ELECTRICO DE AGUJA PARA CONCRETO 110V AC MONOFASICO;MANTENIMIENTO;20; $ 1.813.179 ;9;MEC;ACTIVO
2681;COMPRESOR TORNILLO IR 7.5HP SERIE. AN2826U97036 ;MANTENIMIENTO;158; $ 7.140.000 ;1;MEC;ACTIVO
2690;ESMERIL ELECTRICO BANCO 3.4HP MPTOOLSHOPEX - 220 V 3F 3350RPM 3.8A;MANTENIMIENTO;7,5; $ 357.000 ;4;MEC;ACTIVO
2697;TAPA CERRAMIENTO 100 X 1200 MM;MANTENIMIENTO;0; $ 95.280 ;30408012;MET;ACTIVO
2707;PRENSA N-5;MANTENIMIENTO;0; $ -   ;#1;MEC;ACTIVO
2711;PLATAFORMA 3.0 X 0.6 M ESCOTILLA;MANTENIMIENTO;27; $ 1.191.435 ;30401078E;MET;ACTIVO
2716;LLAVE AJUSTE TORNILLO NIVELADOR;MANTENIMIENTO;0,4; $ 25.000 ;1;MET;ACTIVO
2717;PALANCA ARMADO SISTEMA ANDECK;MANTENIMIENTO;3; $ -   ;1;MET;ACTIVO
2719;"PULIDORA MANUAL ELECTRICA 4"" 110V AC MONOFASICA 9557HP";MANTENIMIENTO;1; $ 474.096 ;5;MEC;ACTIVO
2722;DISPOSITIVO PARA DESCENCOFRAR FORMALETA GRAN FORMATO;MANTENIMIENTO;2; $ 178.500 ;1;MEC;ACTIVO
2724;TABLERO DE 0.70 X 1.40 M TABLILLA FENOLICO;MANTENIMIENTO;17; $ 53.550 ;5020500;MET;ACTIVO
2728;APAREJO ELEVADOR;MANTENIMIENTO;0; $ 531.803 ;2;MET;ACTIVO
2732;LASTRE COLGANTE ELECTRICO - MANUAL (CNTRAPESO);MANTENIMIENTO;8,2; $ 51.441 ;2;MET;ACTIVO
2733;PESCANTE DE FIJACION COLGANTE AMD Y MAMPOSTERO;MANTENIMIENTO;18; $ 313.938 ;8;MET;ACTIVO
2734;SOPORTE PASANTE PESCANTE +2 TORNILLO + 2 TCA (BASE) COLGANTE ELECTRICO;MANTENIMIENTO;3; $ 31.297 ;9;MET;ACTIVO
2736;"TORNILLO 5/8"" X 5"" + ARANDELA Y TUERCA COLGANTE CERTIFICADO";MANTENIMIENTO;0,5; $ 5.100 ;11;MET;ACTIVO
2737;ANCLAJE DE CABLES COLGANTE CERTIFICADO Y ELECTRICO;MANTENIMIENTO;1; $ 49.060 ;12;MET;ACTIVO
2738;PLATINA SEGURIDAD POLE COLGANTE ELECTRICO - MANUAL;MANTENIMIENTO;0; $ 16.285 ;13;MET;ACTIVO
2750;"PULIDORA MANUAL ELECTRICA 7"" 110V AC MONOFASICA";MANTENIMIENTO;6; $ 855.036 ;9;MEC;ACTIVO
2753;MONTACARGA HYSTER 5.2M ALT, CAPA CARGA 3175 KG SERIAL:MML1337 ;MANTENIMIENTO;3000; $ 44.000.000 ;1;MEC;ACTIVO
2754;CARGADOR 48V 160AMPREF.PL-CA-PB48/160;MANTENIMIENTO;48; $ 7.735.000 ;PL-CA-PB48V160A;MEC;ACTIVO
2755;PESCANTE FIJACION ANDAMIO COLGANTE;MANTENIMIENTO;15; $ 250.000 ;4;MET;ACTIVO
2756;"PULIDORA MANUAL ELECTRICA 7"" 110V AC MONOFASICA";MANTENIMIENTO;6; $ 830.000 ;10;MEC;ACTIVO
2758;TRONZADORA MAKITA 120V, ;MANTENIMIENTO;8; $ 1.100.000 ;2;MEC;ACTIVO
2759;"PULIDORA MANUAL ELECTRICA 9"" 110V AC MONOFASICA METABO 120V";MANTENIMIENTO;5,5; $ 1.200.000 ;4;MEC;ACTIVO
2760;"PULIDORA MANUAL ELECTRICA 4"" 110V AC MONOFASICA DEWALT";MANTENIMIENTO;2,5; $ 600.000 ;8;MEC;ACTIVO
2761;TALADRO ROTOPERCUTOR LIVIANO BOSCH REF. GBH 2-26 DRE ser.18086 110V;MANTENIMIENTO;0; $ -   ;15;MEC;ACTIVO
2794;TALADRO DEMOLEDOR PISO SDS HEX 28 MM SKU:XPG90A HAMMER 110V;MANTENIMIENTO;18; $ 3.198.000 ;1510;MEC;ACTIVO
2795;TALADRO DEMOLEDOR PISO SDS HEX 28 MM SKU:XPG90A HAMMER 110V;MANTENIMIENTO;18; $ 3.198.720 ;1511;MEC;ACTIVO
2796;TALADRO ROTOPERCUTOR PESADO SDS MAX 1350W-14 JOULES;MANTENIMIENTO;4; $ -   ;16;MEC;ACTIVO
2797;TALADRO ROTOPERCUTOR PESADO SDS MAX 1350W-14 JOULES;MANTENIMIENTO;3; $ 1.213.800 ;17;MEC;ACTIVO
2831;VARILLA EN L 150 MM FORMALETA GRAN FORMATO;MANTENIMIENTO;0,02; $ 5.100 ;L 150;MET;ACTIVO
2858;CONCRETADORA 1/2 SACOS MOTOR LECTRICO SUB A 110V;MANTENIMIENTO;0; $ -   ;1/2 SACO;MEC;ACTIVO
2872;TALADRO DEMOLEDOR MURO SUB #1;MANTENIMIENTO;0; $ -   ;SUB A;MEC;ACTIVO
2887;TABLERO FENOLICO DE 0.60X1.40 M (VIGAS + LARGUEROS);MANTENIMIENTO;18; $ 126.925 ;0.60X1.40 FENOLICO;MET;ACTIVO
2891;TRINCHE PARA MINICARGADOR;MANTENIMIENTO;0; $ -   ;TRINCHE MINICARGADOR;MEC;ACTIVO
2893;"PULIDORA MANUAL ELECTRICA 4"" 110V AC MONOFASICA BLACK AND DECKER";MANTENIMIENTO;1,3; $ 130.000 ;9;MEC;ACTIVO
2899;COMPRESOR PINTURA #05 MINI 50 PSI + PISTOLA AS06 -SK06 1/4 HP 3.2 BAR SUKRA UE4;MANTENIMIENTO;6; $ 448.748 ;5;MEC;ACTIVO
2903;TRONZADORA DEWALT D28730-B3 120V, 60HZ 2300 W SERIE. 122570;MANTENIMIENTO;12; $ 1.154.670 ;3;MEC;ACTIVO
2904;TRONZADORA DEWALT D28730-B3 120V, 60HZ 2300 W SERIE. 132171;MANTENIMIENTO;12; $ 1.154.670 ;4;MEC;ACTIVO
2905;"PULIDORA MANUAL ELECTRICA 4.1/2"" #10 - 110V AC 750W MONOFASICA DEWALT S.418037";MANTENIMIENTO;0; $ 160.000 ;10;MEC;ACTIVO
2906;"PULIDORA MANUAL ELECTRICA 4.1/2"" #11 -110V AC 750W MONOFASICA DEWALT S. 446848";MANTENIMIENTO;0; $ 160.000 ;11;MEC;ACTIVO
2907;EQUIPO SOLDADOR INVERSOR 250 A 110/220 IE 12250/200 MVM NEO ;MANTENIMIENTO;9,5; $ 1.185.546 ;6;MEC;ACTIVO
2910;TOMA CLAVIJA L1430  PATA REDONDA 220V SUB;MANTENIMIENTO;0; $ -   ;220V;MEC;ACTIVO
2911;TOMA CLAVIJA  PATA TRABADA 110V SUB;MANTENIMIENTO;2300; $ 48.150.000 ;110V;MEC;ACTIVO
2912;HORIZONTAL 2.10 M SUB;MANTENIMIENTO;6,65; $ 173.000 ;ADM 2.10 M;MET;ACTIVO
2917;PANEL DE LOSA 100 X 900 MM;MANTENIMIENTO;3,63; $ -   ;PU 100 X 900 MM;MET;ACTIVO
2919;PANEL DE LOSA 400 X 900 MM;MANTENIMIENTO;14,5; $ -   ;PU 400 X 900 MM;MET;ACTIVO
2920;PANEL DE LOSA 420 X 900 MM;MANTENIMIENTO;15,23; $ -   ;PU 420 X 900 MM;MET;ACTIVO
2921;PANEL DE LOSA 500 X 900 MM;MANTENIMIENTO;18,3; $ -   ;PU 500 X 900 MM;MET;ACTIVO
2922;PANEL DE LOSA 520 X 1200 MM;MANTENIMIENTO;25,13; $ -   ;PU 520 X 1200 MM;MET;ACTIVO
2924;PANEL DE LOSA 550 X 1200 MM;MANTENIMIENTO;26,58; $ -   ;PU 550 X 1200 MM;MET;ACTIVO
2925;PANEL DE LOSA 600 X 900 MM;MANTENIMIENTO;21,75; $ -   ;PU 600 X 900 MM;MET;ACTIVO
2926;PANEL DE LOSA 100 X 1050 MM;MANTENIMIENTO;4,23; $ -   ;PU 100 X 1050 MM;MET;ACTIVO
2927;PANEL DE LOSA 250 X 900 MM;MANTENIMIENTO;9,06; $ -   ;PU 250 X 900 MM;MET;ACTIVO
2928;PANEL DE LOSA 300 X 1050 MM;MANTENIMIENTO;12,69; $ -   ;PU 300 X 1050 MM;MET;ACTIVO
2929;PANEL DE LOSA 150 x 2100 MM;MANTENIMIENTO;12,69; $ -   ;PU 150 X 2100 MM;MET;ACTIVO
2930;PANEL DE LOSA 300 x 900 MM;MANTENIMIENTO;10,88; $ -   ;PU  300 X 900 MM;MET;ACTIVO
2931;PANEL DE LOSA 300 x 2250 MM;MANTENIMIENTO;27,19; $ -   ;PU 300 X 2250 MM;MET;ACTIVO
2932;PANEL DE LOSA 600 x 1050 MM;MANTENIMIENTO;25,38; $ -   ;PU 600 X 1050 MM;MET;ACTIVO
2933;PANEL DE LOSA 500 x 1200 MM;MANTENIMIENTO;24,17; $ -   ;PU 500 X 1200 MM;MET;ACTIVO
2934;PANEL DE LOSA 600 x 1200 MM;MANTENIMIENTO;29; $ -   ;PU 600 X 1200 MM;MET;ACTIVO
2935;PANEL UNI PARA MURO(E/F) 120 x 2100 MM;MANTENIMIENTO;10,15; $ -   ;PUM 20 X 2100 MM;MET;ACTIVO
2936;PANEL UNI PARA MURO(E/F) 150 x 2100 MM;MANTENIMIENTO;12,69; $ -   ;PUM 150 X 2100 MM;MET;ACTIVO
2937;PANEL UNI PARA MURO(E/F) 220 x 2100 MM;MANTENIMIENTO;18,61; $ -   ;PUM 220 X 2100 MM;MET;ACTIVO
2938;PANEL UNI PARA MURO(E/F) 250 x 2100 MM;MANTENIMIENTO;21,15; $ -   ;PUM 250 X 2100 MM;MET;ACTIVO
2939;PANEL UNI PARA MURO(E/F) 270 x 2100 MM;MANTENIMIENTO;22,84; $ -   ;PUM 270 X 2100 MM;MET;ACTIVO
2940;PANEL UNI PARA MURO(E/F) 280 x 2100 MM;MANTENIMIENTO;23,68; $ -   ;PUM 280 X 2100 MM;MET;ACTIVO
2941;PANEL UNI PARA MURO(E/F) 290 x 2100 MM;MANTENIMIENTO;24,53; $ -   ;PUM 290 X 2100 MM;MET;ACTIVO
2942;PANEL UNI PARA MURO(E/F) 300 x 2100 MM;MANTENIMIENTO;25,38; $ -   ;PUM 300 X 2100 MM;MET;ACTIVO
2943;PANEL UNI PARA MURO(E/F) 350 x 2100 MM;MANTENIMIENTO;29,6; $ -   ;PUM 350 X 2100 MM;MET;ACTIVO
2944;PANEL UNI PARA MURO(E/F) 400 x 2100 MM;MANTENIMIENTO;33,83; $ -   ;PUM 400 X 2100 MM;MET;ACTIVO
2945;PANEL UNI PARA MURO(E/F) 450 x 2100 MM;MANTENIMIENTO;38,06; $ -   ;PUM 450 X 2100 MM;MET;ACTIVO
2946;PANEL UNI PARA MURO(E/F) 470 x 2100 MM;MANTENIMIENTO;39,75; $ -   ;PUM 470 X 2100 MM;MET;ACTIVO
2947;PANEL UNI PARA MURO(E/F) 480 x 2100 MM;MANTENIMIENTO;40,6; $ -   ;PUM 480 X 2100 MM;MET;ACTIVO
2948;PANEL UNI PARA MURO(E/F) 500 x 2100 MM;MANTENIMIENTO;42,29; $ -   ;PUM 500 X 2100 MM;MET;ACTIVO
2949;PANEL UNI PARA MURO(E/F) 550 x 2100 MM;MANTENIMIENTO;46,52; $ -   ;PUM 550 X 2100 MM;MET;ACTIVO
2950;PANEL UNI PARA MURO(E/F) 150 x 2250 MM;MANTENIMIENTO;13,59; $ -   ;PUM 150 X 2250 MM;MET;ACTIVO
2951;PANEL UNI PARA MURO(E/F) 120 x 2400 MM;MANTENIMIENTO;11,6; $ -   ;PUM 120 X 2400 MM;MET;ACTIVO
2952;PANEL UNI PARA MURO(E/F) 150 x 2400 MM;MANTENIMIENTO;14,5; $ -   ;PUM 150 X 2400 MM;MET;ACTIVO
2953;PANEL UNI PARA MURO(E/F) 250 x 2400 MM;MANTENIMIENTO;24,17; $ -   ;PUM 250 X 2400 MM;MET;ACTIVO
2954;PANEL UNI PARA MURO(E/F) 270 x 2400 MM;MANTENIMIENTO;26,1; $ -   ;PUM 270 X 2400 MM;MET;ACTIVO
2955;PANEL UNI PARA MURO(E/F) 350 x 2400 MM;MANTENIMIENTO;33,83; $ -   ;PUM 350 X 2400 MM;MET;ACTIVO
2956;PANEL UNI PARA MURO(E/F) 400 x 2400 MM;MANTENIMIENTO;38,67; $ -   ;PUM 400 X 2400 MM;MET;ACTIVO
2957;PANEL UNI PARA MURO(E/F) 450 x 2400 MM;MANTENIMIENTO;43,5; $ -   ;PUM 450 X 2400 MM;MET;ACTIVO
2958;PANEL UNI PARA MURO(E/F) 550 x 2400 MM;MANTENIMIENTO;0; $ -   ;PUM 550 X 2400 MM;MET;ACTIVO
2959;PANEL UNI PARA MURO(E/F) 600 x 2100 MM;MANTENIMIENTO;50,75; $ -   ;PUM 600 X 2100 MM;MET;ACTIVO
2960;PANEL UNI PARA MURO(E/F) 600 x 2400 MM;MANTENIMIENTO;28; $ -   ;PUM 600 X 2400 MM;MET;ACTIVO
2961;UNION DE LOSA (RINCONERA) 150 x 200 x 2100 MM;MANTENIMIENTO;33,83; $ -   ;UNL 150 X 200 X 2100 MM;MET;ACTIVO
2962;UNION DE LOSA (RINCONERA) 150 x 200 x 2400 MM;MANTENIMIENTO;38,67; $ -   ;UNL 150 X 200 X 2400 MM;MET;ACTIVO
2963;CUÑA LISA UNISPAN;MANTENIMIENTO;0,01; $ -   ;0;MET;ACTIVO
2964;CUÑA PERFORADA UNISPAN;MANTENIMIENTO;0,01; $ -   ;0;MET;ACTIVO
2965;TENSOR CON TORNILLO UNISPAN;MANTENIMIENTO;0,32; $ -   ;0;MET;ACTIVO
2966;TENSOR CON CUÑA UNISPAN;MANTENIMIENTO;0,35; $ -   ;TCU;MET;ACTIVO
2967;TUERCA DE ALA UNISPAN;MANTENIMIENTO;0,5; $ 20.042 ;0;MET;ACTIVO
2968;UNION DE LOSA (RINCONERA) 150 x 200 x 1200 MM;MANTENIMIENTO;19,43; $ -   ;UNL 150 X 200 X 1200 MM;MET;ACTIVO
2973;FORMALETA GRAN FORMATO 500 X 600 MM (FENOLICO-MADERA)|;MANTENIMIENTO;11; $ 135.000 ;GF 500 X 600 MADERA;MET;ACTIVO
2981;TALADRO ROTOPERCUTOR SUB;MANTENIMIENTO;0; $ -   ;0;MEC;ACTIVO
2984;PLANTA GENERADORA 40 KWA 120/240 V #001 SUB;MANTENIMIENTO;0; $ -   ;PE 40 KWA;MEC;ACTIVO
2985;TABLERO ELECTRICO ACCESORIO PARA PLANTA+LLAVE;MANTENIMIENTO;0; $ -   ;SUB ALQUILER;MET;ACTIVO
2986;BARANDA PARA ESCALERA 1.40 M - DISTANCIA EJES 110 CM;MANTENIMIENTO;3; $ 160.713 ;BA 1.4 M AMD;MET;ACTIVO
2987;"PULIDORA MANUAL ELECTRICA 7"" #11 8500 2200 W RPM DWE491-B3 DEWALT  PROFESIONAL ";MANTENIMIENTO;4; $ 864.638 ;DWE 491-B3 DEWALT;MEC;ACTIVO
2988;"PULIDORA MANUAL ELECTRICA 7"" #12  DWE4577-B3 2700W (D28476WB3) PROFESIONAL";MANTENIMIENTO;4,5; $ 1.322.090 ;DWE4577-B3;MEC;ACTIVO
3000;BARANDA HORIZONTAL 3.0 M ANDAMIO COLGANTE MAMPOSTERO;MANTENIMIENTO;5; $ 205.455 ;MAMPOSTERO;MET;ACTIVO
3001;BARANDA HORIZONTAL 0.70 M ANDAMIO COLGANTE MAMPOSTERO;MANTENIMIENTO;3; $ 82.601 ;MAMPOSTERO;MET;ACTIVO
3002;MARCO ANDAMIO COLGANTE MAMPOSTERO;MANTENIMIENTO;28; $ 888.674 ;MAMPOSTERO;MET;ACTIVO
3017;ESPIGO CON ABRAZADERA (PARA HORIZONTAL CON ESPIGO);MANTENIMIENTO;0; $ 50.000 ;1;MET;ACTIVO
3020;"REMACHADORA NEUMATICA 1/4"" ASTRO-FT #03";MANTENIMIENTO;1,5; $ 1.000.350 ;REM NEUM 1/4 ;MEC;ACTIVO
3022;TUBO CUADRADO 10 X 10 PTS 2.00 M;MANTENIMIENTO;17; $ 124.000 ;PTS;MET;ACTIVO
3067;PRENSA N-6 #2;MANTENIMIENTO;28,1; $ 806.661 ;2;MEC;ACTIVO
3072;DIAGONAL 2.1 M / 2 M ALTURA GALVANIZADA;MANTENIMIENTO;8,05; $ 175.315 ;D AMD;MET;ACTIVO
3094;CORBATA DESTIJERADA PARA FORMALETA METALICA DE 200 MM;MANTENIMIENTO;0,09; $ 1.945 ;200 MM;MET;ACTIVO
3155;UNION PARA BARANDA  ANCHO 110 CM ARMADO ESCALERA DE 1.40 M A 3.0 M ;MANTENIMIENTO;1; $ 23.772 ;ANCHO 110 CM;MET;ACTIVO
3156;TABLERO FENOLICO 12 MM 0.80X0.40 M ;MANTENIMIENTO;3; $ 30.000 ;0.80X0.40 M;MET;ACTIVO
3157;BARANDA HORIZONTAL 1.40M ANDAMIO COLGANTE MAMPOSTERO;MANTENIMIENTO;2,33; $ 87.000 ;MAMPOSTERO;MET;ACTIVO
3166;VARILLA ROSCADA GRAN FORMATO 3000 MM;MANTENIMIENTO;3; $ 43.197 ;VR 3 M;MET;ACTIVO
3169;"POLICHADORA-ELITE-EP181 01 7"" 1400W SPEED 1000-3000RPM 110V-60HZ SER.P1810251";MANTENIMIENTO;2; $ 618.525 ;#01;MEC;ACTIVO
3172;EQUIPO SOLDADOR INVERSOR 250 A 110/220 IE 12250/200 MVM NEO;MANTENIMIENTO;0; $ -   ;#07;MEC;ACTIVO
3174;"PULIDORA MANUAL ELECTRICA 7"" #13 DWE491";MANTENIMIENTO;4; $ 1.322.098 ;#13;MEC;ACTIVO
3175;"PULIDORA MANUAL ELECTRICA 4"" #10 110V AC MONOFASICA DEWALT";MANTENIMIENTO;3,5; $ 400.000 ;#10;MEC;ACTIVO
3200;"PULIDORA MANUAL ELECTRICA 4"" #11 110V AC MONOFASICA DEWALT";MANTENIMIENTO;0; $ -   ;#11;MEC;ACTIVO
3201;"PULIDORA MANUAL ELECTRICA 7"" #14 DWE491 AC MONOFASICA DEWALT";MANTENIMIENTO;4; $ 1.322.098 ;#14;MEC;ACTIVO
3208;PLATAFORMA 2.1 X 0.6 M PARA MANPOSTERO;MANTENIMIENTO;0; $ -   ;PLAT 2.10 X 0.60 M;MET;ACTIVO
3214;TABLERO PLASTICO 0.32 X 1.20 M;MANTENIMIENTO;2,5; $ 61.014 ;TP 0.32X1.20 M;MET;ACTIVO
3216;FORMALETA GRAN FORMATO 300 X 600 MM (FENOLICO-MADERA);MANTENIMIENTO;5,5; $ 60.000 ;GF 300X600 MM MADERA;MET;ACTIVO
3219;CABLE ANDAMIO COLGANTE CERTIFICADO 50 M PRIMARIO (DE TRABAJO);MANTENIMIENTO;13; $ 840.407 ;CA 50 M PRIMARIO;MET;ACTIVO
3220;CABLE ANDAMIO COLGANTE CERTIFICADO 100 M PRIMARIO (DE TRABAJO);MANTENIMIENTO;26; $ 1.637.849 ;CA 100 M PRIMARIO;MET;ACTIVO
3221;"REMACHADORA NEUMATICA 1/4"" SRC-55 #01";MANTENIMIENTO;1,5; $ 570.000 ;"REM NEUM 1/4""";MEC;ACTIVO
3222;"REMACHADORA NEUMATICA 1/4"" SRC-55 #02";MANTENIMIENTO;1,5; $ 570.000 ;"REM NEUM 1/4""";MEC;ACTIVO
3223;BARANDA HORIZONTAL 2.10 M ANDAMIO COLGANTE MAMPOSTERO;MANTENIMIENTO;3,5; $ 95.482 ;BH 2.10 M;MET;ACTIVO
3280;LASTRE METALICO 6KL ANDAMIO COLGANTE CERTIFICADO;MANTENIMIENTO;6; $ 50.000 ;2;MET;ACTIVO
3282;POLEA 1 CANAL CARRO DE CORTE (CORTADORAS);MANTENIMIENTO;0; $ 22.610 ;CORTADORA;MEC;ACTIVO
3291;HORIZONTAL 1.09 M;MANTENIMIENTO;0; $ -   ;H 1.09 M ADM;MET;ACTIVO
3296;PRENSA N-6 #03;MANTENIMIENTO;0; $ -   ;#03;MEC;ACTIVO
;;;;;;;
;;;;;;;
;;;;;;;
;;;;;;;
;;;;;;;
;;;;;;;
;;;;;;;
;;;;;;;
;;;;;;;
;;;;;;;
;;;;;;;
;;;;;;;
;;;;;;;
;;;;;;;
;;;;;;;
;;;;;;;
;;;;;;;
;;;;;;;
;;;;;;;
;;;;;;;
;;;;;;;
;;;;;;;
;;;;;;;
;;;;;;;
;;;;;;;
;;;;;;;
;;;;;;;
;;;;;;;
;;;;;;;
;;;;;;;
;;;;;;;
;;;;;;;
;;;;;;;
;;;;;;;
;;;;;;;
;;;;;;;
;;;;;;;
;;;;;;;
;;;;;;;
;;;;;;;
;;;;;;;
;;;;;;;
;;;;;;;
;;;;;;;
;;;;;;;
;;;;;;;
;;;;;;;
;;;;;;;
;;;;;;;
;;;;;;;
;;;;;;;
;;;;;;;
;;;;;;;
;;;;;;;
;;;;;;;
;;;;;;;
;;;;;;;
;;;;;;;
;;;;;;;
;;;;;;;
;;;;;;;
;;;;;;;
;;;;;;;
;;;;;;;
;;;;;;;
;;;;;;;
;;;;;;;
;;;;;;;
;;;;;;;
;;;;;;;
;;;;;;;
;;;;;;;
;;;;;;;
;;;;;;;
;;;;;;;
;;;;;;;
;;;;;;;
;;;;;;;
;;;;;;;
;;;;;;;
;;;;;;;
;;;;;;;
;;;;;;;
;;;;;;;
;;;;;;;
;;;;;;;
;;;;;;;
;;;;;;;
;;;;;;;
;;;;;;;
;;;;;;;
;;;;;;;
;;;;;;;
;;;;;;;
;;;;;;;
;;;;;;;
;;;;;;;
;;;;;;;
;;;;;;;
;;;;;;;
;;;;;;;
;;;;;;;
;;;;;;;
;;;;;;;
;;;;;;;
;;;;;;;
;;;;;;;
;;;;;;;
;;;;;;;
;;;;;;;
;;;;;;;
;;;;;;;
;;;;;;;
;;;;;;;
;;;;;;;
;;;;;;;
;;;;;;;
;;;;;;;
;;;;;;;
;;;;;;;
;;;;;;;
;;;;;;;
;;;;;;;
;;;;;;;
;;;;;;;
;;;;;;;
;;;;;;;
;;;;;;;
;;;;;;;
;;;;;;;
;;;;;;;
;;;;;;;
;;;;;;;
;;;;;;;
;;;;;;;
;;;;;;;
;;;;;;;
;;;;;;;
;;;;;;;
;;;;;;;
;;;;;;;
;;;;;;;
;;;;;;;
;;;;;;;
;;;;;;;
;;;;;;;
;;;;;;;
;;;;;;;
;;;;;;;
;;;;;;;
;;;;;;;
;;;;;;;
;;;;;;;
;;;;;;;
;;;;;;;
;;;;;;;
;;;;;;;
;;;;;;;
;;;;;;;
;;;;;;;
;;;;;;;
;;;;;;;
;;;;;;;
;;;;;;;
;;;;;;;
;;;;;;;
;;;;;;;
;;;;;;;
;;;;;;;
;;;;;;;
;;;;;;;
;;;;;;;
;;;;;;;
;;;;;;;
;;;;;;;
;;;;;;;
;;;;;;;
;;;;;;;
;;;;;;;
;;;;;;;
;;;;;;;
;;;;;;;
;;;;;;;
;;;;;;;
;;;;;;;
;;;;;;;
;;;;;;;
;;;;;;;
;;;;;;;
;;;;;;;
;;;;;;;
;;;;;;;
;;;;;;;
;;;;;;;
;;;;;;;
;;;;;;;
;;;;;;;
;;;;;;;
;;;;;;;
;;;;;;;
;;;;;;;
;;;;;;;
;;;;;;;
;;;;;;;
;;;;;;;
;;;;;;;
;;;;;;;
;;;;;;;
;;;;;;;
;;;;;;;
;;;;;;;
;;;;;;;
;;;;;;;
;;;;;;;
;;;;;;;
;;;;;;;
;;;;;;;
;;;;;;;
;;;;;;;
;;;;;;;
;;;;;;;
;;;;;;;
;;;;;;;
;;;;;;;
;;;;;;;
;;;;;;;
;;;;;;;
;;;;;;;
;;;;;;;
;;;;;;;
;;;;;;;
;;;;;;;
;;;;;;;
;;;;;;;
;;;;;;;
;;;;;;;
;;;;;;;
;;;;;;;
;;;;;;;
;;;;;;;
;;;;;;;
;;;;;;;
;;;;;;;
;;;;;;;
;;;;;;;
;;;;;;;
;;;;;;;
;;;;;;;
;;;;;;;
;;;;;;;
;;;;;;;
;;;;;;;
;;;;;;;
;;;;;;;
;;;;;;;
;;;;;;;
;;;;;;;
;;;;;;;
;;;;;;;
;;;;;;;
;;;;;;;
;;;;;;;
;;;;;;;
;;;;;;;
;;;;;;;
;;;;;;;
;;;;;;;
;;;;;;;
;;;;;;;
;;;;;;;
;;;;;;;
;;;;;;;
;;;;;;;
;;;;;;;
;;;;;;;
;;;;;;;
;;;;;;;
;;;;;;;
;;;;;;;
;;;;;;;
;;;;;;;
;;;;;;;
;;;;;;;
;;;;;;;
;;;;;;;
;;;;;;;
;;;;;;;
;;;;;;;
